user_id,media_renda,media_gasto,taxa_poupanca,pct_gastos_essenciais,std_gasto,cluster,pca_1,pca_2,silhouette
user_0001,11614.32264520049,3834.969272478125,0.6698068936406817,0.0302151343740795,1769.4570000943538,3,3.3627958617413976,3.8573954718283407,0.3815936249031271
user_0002,3615.436,7084.610157099638,-0.9595451716195884,0.0641495625157329,3574.8383076435807,0,-2.690879598689469,0.7517621678393496,0.42568310375213225
user_0003,6055.769376272927,3473.659978725899,0.4263883310457586,0.0490218183441113,1557.497464135445,3,2.041360192781553,0.9281577450937062,0.10624387570878631
user_0004,2765.23,3815.7431790442943,-0.3799008324964991,0.0543753929386851,1623.2446343918305,1,0.28087065891854723,-0.8491660743605962,0.23063394284832403
user_0005,6475.678303163232,6118.832497148885,0.0551055486866967,0.0581850845033484,2422.9590283115344,3,0.04232820713031332,1.8166622933806549,0.24774316566985413
user_0006,2178.502,2407.1540905056663,-0.1049584028408816,0.0362425797729044,856.2984035279121,1,1.9939824035655933,-1.27139236953367,0.4502934726781068
user_0007,4545.685277128111,3868.950083065446,0.1488741856959827,0.0281690972508,1680.198050187819,1,2.006349372414016,0.7887277703288164,0.13595935091988645
user_0008,4023.312,6049.135772939992,-0.5035214203969245,0.0804001805949658,2649.794860534507,2,-1.7944417957438354,0.11433757870116296,0.151054458581117
user_0009,2083.7,2276.0647095137824,-0.0923188124556234,0.0494303248436901,1021.161478096128,1,1.5302371408145061,-1.5464440390415162,0.4649409896361658
user_0010,3110.2760000000003,4518.163954199035,-0.4526569199000458,0.0473149873038408,1882.5196528605777,1,0.10736568680990553,-0.2856944367270908,0.1276392890430564
user_0011,1991.772,3799.668684285889,-0.9076825481460168,0.071763786343582,1700.6518681822197,2,-1.1236070639798772,-1.8286115620101702,0.3105587563745004
user_0012,2234.46,2866.0445334345995,-0.2826564509700776,0.0667980663113139,756.6618065332027,1,0.6597755016147263,-1.9427938441686619,0.21322298478590898
user_0013,3451.132,6661.728861820724,-0.930302538941056,0.0519196930158116,1809.579577032318,2,-1.2905214857928946,0.019264739755095992,0.17966219905504854
user_0014,8785.656337926252,4360.00758953444,0.5037357003468261,0.0430165574374651,2000.3366051204457,3,2.144373596506443,2.630643943161841,0.46644229625095024
user_0015,2055.314,2723.0905991581126,-0.3249024719133489,0.0669647655912272,961.6567467753068,1,0.5240397667281609,-1.9865374206935837,0.1888998357902178
user_0016,3550.814,5022.978957600431,-0.4145992883886429,0.0877537909898917,2441.705610817446,2,-1.5458825526230562,-0.5625404597474347,0.2965291234004613
user_0017,3588.402,5228.922572885878,-0.4571730182086285,0.0606178336232113,1519.3138115578436,2,-0.3318695035127767,-0.3615950022640705,0.225796104631286
user_0018,3793.058,4763.080667223247,-0.2557363128175858,0.0444149635410284,2771.3310049672305,1,0.04166365272390066,0.6560007204897917,0.06253546936446885
user_0019,2651.415543182713,2664.081204186546,-0.0047769430319586,0.042265800339483,1361.9226019609582,1,1.6610112746569101,-0.8437447533716703,0.5012232106377512
user_0020,2600.452,4068.151141131761,-0.5644015506272607,0.0538963985542054,2333.861300002211,2,-0.39113919668327657,-0.6121770745512218,0.11391982193748845
user_0021,4559.4433889901375,3072.07916910776,0.3262161832020927,0.0334503564449672,1543.5716618790632,1,2.389399711537337,0.5006055673462017,0.19572313782322065
user_0022,2648.046,2298.27086588423,0.1320880128652485,0.0489669061334946,847.2186049576806,1,1.9875314514374147,-1.251162058299206,0.4767833339179427
user_0023,6805.895871075749,7132.842982877308,-0.0480388060580012,0.0397724609585327,3188.916225545701,3,-0.14098604926758987,2.929449631197301,0.32287994402805736
user_0024,8629.321938737558,5433.694830820188,0.3703219245502943,0.0334832252646302,2143.266915838155,3,1.8567984591902926,3.064740691882564,0.5008122800266027
user_0025,3867.536,4745.284290658592,-0.2269528430138961,0.0602173210145166,2378.748262560087,2,-0.23634711362659716,0.1692277145758156,0.1413144753888698
user_0026,6219.1376997229245,4012.994270227194,0.3547346169218954,0.0305690306837936,1726.8424262699225,3,2.3177955452798265,1.5806308571054988,0.26560956335079633
user_0027,2244.984,3052.326323816421,-0.3596205246079353,0.0640290622337113,1595.611292473842,1,0.1872485793698468,-1.4782476778513323,0.12220102483063247
user_0028,3826.222,5849.159305956951,-0.5287035895870524,0.0645470438921851,2348.543703667861,2,-1.1229814147592956,0.16761409471598307,0.3451087017841253
user_0029,3866.8759999999993,5993.302801492517,-0.5499081950113005,0.0426649537090677,2827.9214696534223,2,-0.7037630122886384,0.9129413878424224,0.09446407412116645
user_0030,3061.493158593659,1739.883661843156,0.4316878817908589,0.051955654260331,1176.8073376069726,1,2.35752258624583,-0.9692742153968621,0.4098262206784459
user_0031,2892.838,4724.728634670028,-0.6332503357153173,0.0331888269622778,2777.2620938505106,1,-0.19089299743514176,0.3038754905994223,0.03082815905766792
user_0032,3841.77,4039.089757291945,-0.0513616789375588,0.0518245028289803,1777.7204312653537,1,0.7830603728763585,-0.031529236145786704,0.3569075489780709
user_0033,3999.558,5793.753898957376,-0.448598544878553,0.051714627706986,2754.778660267909,2,-0.751526112117758,0.74054528826402,0.20695016024514773
user_0034,3277.51,4627.222672081531,-0.411810390229635,0.0504292188821499,1783.7564962317772,1,0.09193485745766514,-0.27828145181052166,0.09611628454200234
user_0035,8419.680362324316,6718.291090955712,0.2020729051641721,0.0363276962546732,3396.094049676027,3,0.513017242450357,3.7705333202539353,0.4648859916619457
user_0036,6916.96822170776,5767.662430134861,0.1661574485720481,0.0482502089421476,2151.372150642602,3,0.8055071499635711,2.046762528707449,0.4176286329611695
user_0037,3993.042805953653,4663.77740940819,-0.1679758109415876,0.0562455844139594,2074.6732741020555,1,0.15858955510185097,0.17499266883569917,0.05702183555559233
user_0038,4909.442,7015.322704570268,-0.4289450215666603,0.0580517791549714,2975.5365517218734,0,-1.32188611574955,1.4197501753186867,0.09262893271781883
user_0039,2779.662,4746.0619470032425,-0.7074241209914165,0.0835337959658539,2768.048723688361,2,-1.9584838791585482,-0.8798339492226492,0.2494386768223283
user_0040,8903.48524173935,7167.066159863874,0.1950268950562393,0.0380496538524184,2027.0097420891027,3,1.0138920638824849,3.398162558712478,0.4629064444833701
user_0041,3975.199492432548,2290.2766718705598,0.4238586827578135,0.0331214812429921,714.1939898269951,1,3.1117369639887147,-0.27121289192363296,0.3004470150742074
user_0042,3225.74,4701.523303338511,-0.4575022485812591,0.0610567943620222,1860.59956777903,2,-0.38451536526491953,-0.5009590894383328,0.24032412680932294
user_0043,3796.872,3844.500197916285,-0.0125440620374571,0.0549189708419179,1551.8778746432224,1,0.8983009604628356,-0.25357644979865435,0.3737917857850957
user_0044,3791.268,7368.83237356557,-0.9436326773959453,0.0504982789900436,2088.345924210077,0,-1.579292206508845,0.50613533364991,0.01633179661211192
user_0045,2876.794,5780.372067738523,-1.0,0.0712126226095424,2289.280082727242,2,-2.0352161415554835,-0.6910991083261815,0.20499333227851788
user_0046,4780.882568772389,3075.9819684002914,0.3566079224593616,0.043646112407355,1685.9156564012949,1,2.0502490931582606,0.4525588831232747,0.20225841212908555
user_0047,3951.456,7489.535659207047,-0.8953863232203644,0.056609367905061,3261.822158643153,0,-2.29637890262145,1.0539601829610372,0.38382072740604406
user_0048,3450.364,3616.800515838505,-0.0482373789659597,0.0424665118445191,1717.4559287486602,1,1.2131991556809798,-0.12660694141917023,0.4643061607951497
user_0049,4389.507587540753,4550.579283884981,-0.0366947073520083,0.0424802898738075,1926.1893965937795,1,0.9375154401261546,0.6091658997610058,0.2799366599411888
user_0050,5038.320924731239,4642.418459190292,0.0785782548304156,0.0379793574840531,2668.533695260992,3,0.9270098894309523,1.40857395290251,0.09251644354940025
user_0051,3200.29,4305.495401935355,-0.345345391178723,0.0516694411259198,2054.873275627043,1,0.10393650910698947,-0.2567111123113901,0.1216558655242613
user_0052,3418.436,6123.210345423244,-0.7912315296887944,0.0910742595822488,1559.6762899469206,2,-2.102265149272461,-1.027798239846438,0.23900131986247852
user_0053,3905.768,3436.852330819522,0.1200572254113601,0.0446257143778851,1359.9534831732876,1,1.6470288947954428,-0.10998209903446216,0.48183844261993947
user_0054,3436.612,5457.893671189928,-0.5881611515032621,0.054515374131808,2730.816391524712,2,-0.9774353544102601,0.26612222169151367,0.26738666071759515
user_0055,2226.12,4887.557711222424,-1.0,0.0894607182052917,1420.8103724522148,2,-2.0095979485110624,-2.004053037404723,0.3153971110992124
user_0056,5358.660991278604,5843.160571960205,-0.0904142996674242,0.0512552372945133,3167.3796288592366,3,-0.31728933888793465,1.7139302808486094,0.08543557822955014
user_0057,2705.236,5277.7891298144605,-0.9509533104743766,0.061081605831133,3113.935196477326,0,-1.8925605907745429,-0.2600138189209831,-0.04659202033407887
user_0058,3869.99,5097.156269699163,-0.3170980466872428,0.0566048584004598,1617.1947071274296,2,0.014727417322005444,-0.0676745612403663,0.043254514833200995
user_0059,3894.158,9141.900562063229,-1.0,0.0801470701660928,3236.917713103795,0,-3.7189285843949906,0.9104380885377751,0.3737183967756261
user_0060,2864.9880000000003,3531.5847146132555,-0.2326699848701827,0.0494379012822199,1379.1902806306773,1,0.8594355609273575,-0.8059871753952467,0.4483027980449573
user_0061,3964.24646117996,3239.6360614901905,0.1827864152205332,0.042277025692035,1790.353750242878,1,1.671089117564796,0.15056043167297725,0.39964267132809217
user_0062,2254.668,2596.9346631375183,-0.1518035751327992,0.0636473019293521,1328.1147988801858,1,0.753897960874353,-1.5906546426815575,0.2956271475126767
user_0063,2172.34,2787.847653673597,-0.2833385444606263,0.0654653608840323,1272.5693565096374,1,0.47334841836114105,-1.7171403059930361,0.2077162324529325
user_0064,2710.138,7627.928196475128,-1.0,0.0668733410092452,2683.8971944021146,0,-2.6731120521926153,0.04802426060298767,0.24637063256936478
user_0065,3521.394,6905.393992315326,-0.9609830630469992,0.0719563284554255,1788.2065254691645,2,-2.047999102421417,-0.3493857432449091,0.1369741745919453
user_0066,2943.476,3332.056995208163,-0.1320143242914714,0.0589859186992574,854.5011946589237,1,1.0048713866715233,-1.2238115188458552,0.3745225017995315
user_0067,4202.62,6681.713416339354,-0.5898923567534905,0.0574196104205969,3736.39529398351,0,-1.8558852188995332,1.3214697458628957,0.29496655698019675
user_0068,6331.121363184159,6333.231784398262,-0.0003333408243245,0.0429239912579099,1090.217687660992,3,1.0236959526173062,1.4891350505058238,0.21321743086627223
user_0069,8736.975123306423,5439.903470681818,0.3773699256427389,0.0405610682778369,877.3286658000341,3,2.249578700947589,2.361578425145786,0.3981826850925221
user_0070,3595.0840000000003,7356.136060985581,-1.0,0.0715400595703031,3879.58007627233,0,-3.2209927920685426,0.7784225448760852,0.4535554409962884
user_0071,2704.072,3825.246285852239,-0.4146244204489519,0.089678137445934,2590.236282804908,2,-1.3973972706159794,-1.2034154102311594,0.2833600486995072
user_0072,6678.218820401124,7229.468546655773,-0.0825444240567036,0.0622241629216333,3893.6656291627983,0,-1.3057385161201407,2.7297867290373117,0.02954602435380792
user_0073,3811.268,8808.264443302598,-1.0,0.0586478132682402,3979.094315118174,0,-3.2737682112727216,1.6013170199723303,0.47194668951699825
user_0074,4381.048000000001,4442.794467003468,-0.0140939946340389,0.066190259637558,2663.625353452163,2,-0.13019610897338119,0.42201877548915034,0.09209961949123817
user_0075,3226.4880000000003,5807.836804709102,-0.8000490950870114,0.0578463519085285,2825.2740278704,2,-1.5519614429623776,0.12224975327522161,0.08343466096298521
user_0076,3783.65470666222,4288.106213402023,-0.1333238748904783,0.063265175699358,1560.279725854695,1,0.31637366442320336,-0.38655041453412886,0.09575598430583018
user_0077,3952.524,6834.626989357023,-0.7291803893808164,0.091751610653978,2957.342950900488,0,-2.873581186275755,0.06563178618921378,0.10478765556780141
user_0078,3690.722,5187.805643476689,-0.4056343564962867,0.0688453482644749,2196.751427613551,2,-0.8322958418626977,-0.16017744954159538,0.3730375586452907
user_0079,3493.606,5835.629208182659,-0.6703741658855231,0.0573172865793846,1016.4010095707775,2,-0.47217696355199196,-0.5263374311862249,0.20971910019084924
user_0080,3017.196,3627.445558549304,-0.2022571813529197,0.0630206462897065,2208.9012535059423,2,0.04424773481006031,-0.6042080778576392,-0.038242695106385026
user_0081,2299.894,3178.9726696382613,-0.3822257328547581,0.050891451345466,1183.168546435077,1,0.7514457861977931,-1.344182970040572,0.3835383108656753
user_0082,5977.486344510287,4886.184874378132,0.1825686262143291,0.042319730643101,1489.306135512442,3,1.514252572510629,1.257989724242471,0.21311949326011614
user_0083,2016.6300000000003,3213.114275121537,-0.5933087750958466,0.0430265088068406,1654.89810902109,1,0.45521735145658687,-1.1840420460004826,0.25738377636694965
user_0084,2423.744,3009.1094808077114,-0.2415129158886876,0.0586045840943169,1220.820602926688,1,0.7381281638916467,-1.4054684694749975,0.3577738516231151
user_0085,2271.094,2593.9147062230613,-0.1421432605709236,0.0472588954594229,901.9902279077572,1,1.511579844923459,-1.4237852271744853,0.47860083407396253
user_0086,2044.628,2254.2114527095664,-0.1025044422308441,0.0429186245994402,1885.468892200449,1,1.3189490540850284,-1.024816609505129,0.41547625626505114
user_0087,2269.438,2868.857030115172,-0.2641266384519742,0.0590478572231986,1316.8344333623093,1,0.6740574479307203,-1.4838596099098822,0.3341496389207576
user_0088,3583.3660000000004,6240.644241713146,-0.741559260682036,0.0574371662572726,1545.026835020987,2,-0.9426541580875482,-0.17457657028864837,0.3278205406739455
user_0089,3600.186,4649.220687033265,-0.291383469363323,0.0421648983140499,2050.16504025187,1,0.4271342391756461,0.23480613925053345,0.2309259438130963
user_0090,4686.308691475027,3375.974777691196,0.2796089630560381,0.0398815106579398,959.0045255027557,1,2.3135618734298986,0.19109897919610544,0.26945870800916505
user_0091,3054.262,3386.5710760391244,-0.1088017583426453,0.0590704400309266,1733.3583159154314,1,0.6077932420211344,-0.7377250919742383,0.3099847018146988
user_0092,2693.206,3652.510082124651,-0.356194098084087,0.0566820030343836,1217.2254793784757,1,0.47500202224369165,-1.1502959107948805,0.28237867901505
user_0093,3236.056,5801.184850468542,-0.7926713414318365,0.0784043578247636,4506.75245807769,0,-3.0184474847328726,0.47521794819007274,0.28476084005578217
user_0094,5661.035063738741,4287.883558223692,0.242561914924472,0.047936759114563,1776.20727163866,3,1.4269195722480676,1.0162427479147407,0.09859818560977002
user_0095,2654.92,3906.378908470456,-0.4713734909038524,0.0509880970946585,2047.8792895806173,1,0.02414895268279045,-0.6499758863723764,0.11032357628151035
user_0096,2300.252,2089.7306643319803,0.0915209879908895,0.0464352853280751,607.1831970561071,1,2.1582838839800735,-1.5294475755608796,0.45663838944478163
user_0097,2810.796,3218.647588296849,-0.1451018104113031,0.073475851027843,1388.0531119182886,1,0.2773007806657711,-1.3791267611662474,0.05223379100918296
user_0098,2552.928,4971.9514488044415,-0.9475486378011608,0.0665813615252979,2741.8819373732726,2,-1.8113567061096192,-0.6989896505723184,0.22789358352162353
user_0099,3626.216,4478.902811176074,-0.2351450689026999,0.0551439338087331,1600.546066246091,1,0.3488174896044159,-0.26229850362342827,0.19045121582386293
user_0100,3179.028,2760.807654977828,0.1315560432377984,0.0418138697175374,1363.7290641409277,1,1.8865849375485688,-0.5143929268602808,0.5018967835346066
user_0101,2608.392,4356.972565705548,-0.6703672476014142,0.0618957515311396,2157.8521223264497,2,-0.8028820612661549,-0.850924349612369,0.3286962921203586
user_0102,3334.51,5192.80364723376,-0.5572913703164064,0.0613978073540262,2574.421538275459,2,-1.0147319228262042,-0.05276894110684625,0.3822066815024682
user_0103,4136.118,6537.458977615128,-0.5805784500382066,0.0661231312488588,2028.9442200130052,2,-1.273623604778369,0.265585243393783,0.2648613454843625
user_0104,3511.0199999999995,4930.111279051484,-0.404182055086979,0.0486769706380233,1462.1391288804753,1,0.24434686361524507,-0.21039525826634853,0.13416801317383045
user_0105,2310.246,3906.178322779214,-0.6908062270334907,0.0661875531095604,1435.826592895769,2,-0.5173822548360137,-1.5416552855150842,0.22298225561933294
user_0106,3655.9,5389.255357474025,-0.474125484141805,0.0676727085056444,1926.6863966174124,2,-0.8242334777283645,-0.2617079286629458,0.3839436826377111
user_0107,2800.26,3101.807528215835,-0.1076855464192023,0.0521590328146878,593.9331626096621,1,1.443278127768191,-1.3040351945834077,0.445586078142686
user_0108,3905.202,5155.8366150948,-0.3202483802617125,0.0887300272740392,2587.928233671402,2,-1.5230811580209513,-0.27973543056065275,0.2500877239566402
user_0109,4356.106,5504.01460149002,-0.2635171415686442,0.0727903058341429,1540.0816747846677,2,-0.4815526961036696,-0.11767836508273029,0.25476156236747977
user_0110,4723.465754463587,4837.307154178388,-0.0241012437969352,0.0620226800664033,1912.4668738566447,2,0.266063230234519,0.396999585991466,-0.022174746449709216
user_0111,4802.021700605318,2417.127924610964,0.4966436898220861,0.0298843068997794,1776.160088033235,1,2.8566491296392216,0.7040522923766741,0.08425560564583477
user_0112,3289.8720000000003,5682.252836921391,-0.7271957197487896,0.0877557871431711,1774.7177122587232,2,-1.8855054022245752,-0.9888748112474655,0.29733308218885923
user_0113,3833.45,8125.18018495998,-1.0,0.0617617674371046,4078.780340099748,0,-3.2091876797641663,1.3957545031025376,0.49155563760631316
user_0114,3463.9300000000003,7009.419012207547,-1.0,0.0959254730167241,3890.65938281489,0,-3.9327131004089875,0.1041258628833558,0.26064833991687547
user_0115,4218.102,6269.495519256697,-0.4863309420342839,0.0709846388481369,4861.057106055967,0,-2.5684686965475367,1.5116510843105313,0.3037133079814626
user_0116,8554.921119392395,7552.657967828869,0.1171563288049008,0.041545191552266,3757.975159407312,3,-0.19222893499681662,4.063488513957925,0.34241493941247164
user_0117,3843.124,6932.929892722388,-0.803982877659526,0.0574521314369172,1909.6766616343748,2,-1.390542893731962,0.25519588866452947,0.15330923935655447
user_0118,3921.7977891185446,2629.6481161687107,0.3294789130982337,0.0480114322114498,1582.407899964266,1,1.9676163253979144,-0.1692975599924261,0.404873289717418
user_0119,3413.474,4956.104011431727,-0.4519237619597299,0.0557064451523688,2011.995408808052,2,-0.33307769499334416,-0.16443153573069605,0.1885040055458571
user_0120,2638.648,3112.484357913362,-0.1795754332951428,0.0541224305760093,1224.3080602509106,1,0.9586180789860365,-1.1544088135019894,0.443720313607079
user_0121,2479.358,2753.6813577362427,-0.1106428993861485,0.0619243225548755,631.5583985936255,1,1.1750613735229027,-1.7240754608887714,0.34590650457352873
user_0122,6340.143342041876,4478.041964941893,0.2937002015005364,0.0395422701041248,2131.042537008584,3,1.6148323703373277,1.716741782716845,0.35126713696127077
user_0123,4985.244345038697,2637.7964257982408,0.4708792100785653,0.0336677991693166,930.000524469761,1,3.0531634573754194,0.340153970473676,0.14524163479649368
user_0124,3029.326,4278.413879781824,-0.4123319443935133,0.069028575839229,2197.2229259889946,2,-0.6349222861416802,-0.6833854697527777,0.30277565967942077
user_0125,2695.224,4651.299868384946,-0.7257563261476397,0.0634901994030525,2927.1816079678224,2,-1.381354464764506,-0.4401996056612931,0.2942042295259811
user_0126,3460.552,4528.901065863358,-0.3087221535360134,0.0447609795556191,2451.7175765314714,1,0.14869948542441747,0.268468862916936,0.12939133526717803
user_0127,3545.236,4691.573708666665,-0.3233459517692659,0.0569318983033557,2087.932330991836,2,-0.1381339051396101,-0.09796527850022213,0.08655609650041814
user_0128,3990.846000000001,5813.053992445695,-0.4565969201632172,0.0535333683874794,2508.6607337114824,2,-0.7112203067298024,0.5819010844116724,0.26097668237661764
user_0129,1966.668,1982.8223338454875,-0.0082140624881715,0.054267509428992,732.3689665464323,1,1.7032625215039385,-1.8636337917967427,0.41824903500072197
user_0130,3750.308,5365.964646611145,-0.4308063888648999,0.0536197696280354,2265.1399911697777,2,-0.44876763406781345,0.2609877278028893,0.21099140343396816
user_0131,3283.28,4514.07711012873,-0.3748681532274828,0.0553207656407961,2194.498900425209,2,-0.17906177639322463,-0.19737513394650658,0.07499565130276875
user_0132,2078.742,3908.0826031874376,-0.8800229192403088,0.0481781387818063,2543.6461257988944,2,-0.7398887911296513,-0.8359918711912872,0.13311310392732692
user_0133,2561.5440000000003,4297.351034597431,-0.6776409207093185,0.0533926074345715,1683.790648939657,2,-0.29322841636072516,-0.9294605000432973,0.09455781384604081
user_0134,3621.5,3490.8957950948497,0.0360635661756593,0.0622189966201076,1772.351362075068,1,0.710863488495996,-0.4461568033944715,0.25793738949282846
user_0135,2649.918,5985.657915128662,-1.0,0.0660040821307918,2649.847819103626,2,-2.124558787860733,-0.43789309390352354,0.04660840464246706
user_0136,3827.982,6117.377558121605,-0.598068527522231,0.0596751231327317,3025.4768326822555,0,-1.4649361178950489,0.6260133165157458,-0.014270423640180456
user_0137,3437.224,3509.0201441289923,-0.0208878281220521,0.0600020814081228,1723.8125652810277,1,0.7040866233549193,-0.5233281195445698,0.30102646934982286
user_0138,3205.778,3907.073958846857,-0.2187599886351634,0.0651603441644304,811.5042189047807,1,0.5534873280461339,-1.167870208288024,0.17028532155269108
user_0139,3179.888,8335.461651213685,-1.0,0.05983497512104,2654.513881541616,0,-2.59831229384617,0.5705987109625201,0.3027586504797982
user_0140,2519.592,2803.179318931496,-0.1125528732157808,0.0660269481299875,585.2658542235563,1,1.0488417394407894,-1.8066331603543302,0.28156302526981364
user_0141,2209.79,2891.593976106268,-0.3085379045548528,0.0588495882578026,768.4015715998999,1,0.8691542426041826,-1.783085114889796,0.3310056296355844
user_0142,3671.804,6803.772515349546,-0.8529781315531945,0.0940134258001594,2629.4223308895703,0,-2.9797711438355052,-0.33426092634317933,0.045307257703256665
user_0143,8615.688873879415,7127.952586125039,0.1726775780245286,0.0328017038070733,4261.7725386637785,3,0.06762016464696273,4.429611379031418,0.3364702296873255
user_0144,3868.028,6664.031888094444,-0.7228499607796129,0.0554020396473449,1281.5868415989576,2,-0.8257226903413402,-0.012051792929500718,0.2621799925697338
user_0145,6441.234177659773,3444.824563188359,0.4651918455105863,0.0503985355981099,2014.2086961289883,3,1.8800720899380747,1.28010857135987,0.21458287164411588
user_0146,3151.25,3832.8578205536696,-0.2162976027143735,0.0782339233109804,1303.087207199158,2,-0.09022700212787224,-1.2608688023191956,0.11014025416835463
user_0147,10315.469000894129,9285.99569188395,0.0997989823750081,0.0568959258766554,4629.0901354408,3,-1.4895545041634761,5.306603934191415,0.11605787077806434
user_0148,3139.09,3078.5105871035603,0.0192983995031808,0.0440363502858649,1690.373197617027,1,1.4011967614424337,-0.4047570338551695,0.4887231104514671
user_0149,1943.302,3229.560054107051,-0.6618930326357154,0.0520355673146935,1521.3929205439233,1,0.11703773606417567,-1.5099832196596252,0.13495042124865367
user_0150,3651.356,6675.124943647306,-0.8281221945072753,0.0483988246097819,1861.4458900348484,2,-1.0434204906615299,0.2663663938071178,0.18162952386203188
user_0151,3581.28,7353.451855604932,-1.0,0.0844401881211521,4889.462783200107,0,-4.128420400673979,0.9683544618629027,0.3813093449215179
user_0152,3655.546,7640.957622740496,-1.0,0.0593768012190229,2972.5778000514765,0,-2.4697108125615963,0.7191249343935688,0.35789730834602274
user_0153,4268.958482782427,3111.5959144785074,0.2711112260687934,0.0454266139961006,1227.7173469618897,1,2.0294826033436726,-0.04545285123214176,0.38692704043110665
user_0154,2044.906,3013.286899575236,-0.4735576596553757,0.0643722460879077,1100.5117128020506,1,0.24855249684232653,-1.8800223199407864,0.1219509622552367
user_0155,3611.292,5468.158161300799,-0.5141833341919733,0.0747653089927953,2531.011980257924,2,-1.430174037903734,-0.15097051414610899,0.3204630885694127
user_0156,2448.394,3785.249928077939,-0.5460133982022253,0.0615025948165385,1138.3678292845202,2,0.02848135972012841,-1.4695044912445117,-0.02542807441872068
user_0157,3546.6016885361664,2778.3945971762087,0.2166037121797654,0.0356606563245102,1856.8513028437865,1,2.0017893925151977,0.05374933839367705,0.37969664689750404
user_0158,3901.632,9221.978487226832,-1.0,0.0672199191966698,4938.072433442533,0,-4.133141537499192,2.019876053823817,0.4476058600949903
user_0159,6346.181338192214,5244.673242350889,0.1735702207581579,0.0429546650098614,2511.7189561779337,3,0.9191963829242494,1.96614700436027,0.38022574812372006
user_0160,3871.85,5649.169177338675,-0.4590361654864405,0.0661662022525566,1817.1277825036043,2,-0.7597235924235285,-0.11341534213042817,0.3585095089103786
user_0161,4139.372,7357.096718476469,-0.7773461091384075,0.0567932872092363,3676.9251953255216,0,-2.2791083621592008,1.3557854613759757,0.40738386498396095
user_0162,2534.254,3039.7293796061867,-0.1994572681373638,0.0557468701858086,1291.6100040856236,1,0.8575523075137682,-1.2317501704447236,0.4139218911039028
user_0163,3721.556,5242.314688730536,-0.4086351753757128,0.0468886756881853,1685.2338742500667,1,0.11537692822575099,0.10140998125676774,0.060737794465863304
user_0164,10467.26238740939,4812.477893895013,0.5402352863835981,0.0366100351043375,2483.617553404642,3,2.2097457676616474,3.8040573240839795,0.46125596586692097
user_0165,3565.078,4989.046405283353,-0.3994213886157198,0.0994058815582008,1756.7983904474763,2,-1.5676491593905972,-1.1336034196571534,0.2759042035222763
user_0166,3654.5,4512.549312027812,-0.2347925330490662,0.0632350819958927,1116.3778152595548,1,0.3080728747153783,-0.6459306984777635,0.07008426363514203
user_0167,4746.59919807508,3858.910923004594,0.1870156375180098,0.045808960242103,1026.2634840463577,1,1.8168336593920753,0.19599814930179033,0.2983589982061638
user_0168,4379.6720000000005,6152.815943905185,-0.4048577025642981,0.0660752286669635,2233.444950442216,2,-0.9850153487510906,0.4595784839574587,0.30610084914284735
user_0169,5609.408296409186,5646.425872954717,-0.0065991945298808,0.0576184225079252,1426.627982063993,3,0.5091200468757263,0.8487819512298816,-0.005761669013379556
user_0170,3887.89,4597.999491458216,-0.1826464975753468,0.0436945395508858,1547.7157060567267,1,0.8120835000875709,0.13040339274140728,0.34027470840689494
user_0171,7026.069373073455,5115.120499253979,0.271979790171579,0.0419266494520722,1316.6599025254395,3,1.7712096025296806,1.7145599593036018,0.37256601496712743
user_0172,1861.548,1932.1385444400405,-0.0379203460990746,0.0568249165027481,1103.22994909504,1,1.4059204581090796,-1.8182250296410993,0.39507961956224585
user_0173,3975.592,7615.379853654852,-0.9155335491305076,0.0757534489092531,3605.559514087576,0,-3.153241516206842,0.8322927638126426,0.41931317992993883
user_0174,7275.25837695332,4419.189038339381,0.3925729081542232,0.0450124959535019,1682.0307209429543,3,1.90200744263917,1.7956371379712712,0.4042076547945303
user_0175,3966.71,6762.682756811426,-0.7048593814045963,0.0526581085367948,1693.8784723557549,2,-0.9287333361818907,0.3198699796067219,0.243424335844268
user_0176,2588.436,4597.548027287692,-0.7761876389015189,0.056620693966044,1684.537662392327,2,-0.6244153000058534,-0.9657834019824572,0.24833362096974546
user_0177,3330.7,5666.134192465338,-0.7011841932522708,0.050926298678589,2300.848176333474,2,-0.8838940463193397,0.08789055265462574,0.28984821401534855
user_0178,4438.73,9886.063571663131,-1.0,0.0674846097541387,2691.760986375444,0,-3.2161390854186434,1.351424879572516,0.3245571143254423
user_0179,3794.914,7064.125782910187,-0.8614719023699055,0.0489844174804728,2676.832637693638,0,-1.6041828697912468,0.7835449223365267,0.13320023194912975
user_0180,2872.054,3109.3982721630337,-0.0826392094866717,0.0476095093050997,1023.7108786119504,1,1.4262305355934148,-0.956433796797172,0.5053256032520516
user_0181,2785.3740000000003,2596.2668761820764,0.0678929019291211,0.0501925708947572,1118.6094274374475,1,1.651698144999103,-1.0522292372735684,0.4942941272061863
user_0182,4409.189518154289,4475.4514321651895,-0.0150281392392129,0.0472414633272,2029.94586582598,1,0.7865687062428456,0.5546190572800257,0.28708491298709504
user_0183,4900.181710637152,3209.344400924281,0.3450560427264272,0.0393293755377895,1243.2507690807022,1,2.359213374370967,0.41450365538188344,0.18872886844556983
user_0184,2181.436,2252.6896554645027,-0.0326636470033971,0.04444442620727,622.3949866787622,1,1.9837311705644267,-1.5572305909199489,0.46023026293331665
user_0185,2795.9260000000004,3625.728423053448,-0.296789837446859,0.0468642213225123,1541.6873777501692,1,0.7420875303910189,-0.7139180826375406,0.41562397201730655
user_0186,5147.043751515412,3516.856339620477,0.3167230531924211,0.0288930136197406,2143.1454935117504,3,2.1627564941806727,1.2315123257999077,0.054941147904917664
user_0187,3913.252,8672.056066814981,-1.0,0.0489050298751855,7200.242050859779,0,-4.4429989874909115,3.3343182949357892,0.30515178977833135
user_0188,3833.55,5778.056972006589,-0.5072340186006674,0.0778234189540629,2030.6540324982125,2,-1.3543520647595229,-0.2748458732674583,0.3570172144865808
user_0189,2148.304,2242.9010408057256,-0.0440333587824281,0.046105281242122,1121.1641027050307,1,1.6744881243469643,-1.3808081712802436,0.477851501375934
user_0190,2823.266,3477.4516719338512,-0.2317123756436166,0.0465262016994089,2038.5656616635183,1,0.6530605545080803,-0.46250633100908056,0.3666418580083305
user_0191,2188.34,3028.242717314869,-0.383808145587463,0.0652267102344805,1888.2091686349568,2,-0.02362513887779327,-1.4103173386972983,-0.03144589844224306
user_0192,3717.550197314279,3159.014633712273,0.150242911045429,0.0442733144178981,1476.190359294388,1,1.7106032180414943,-0.18049241263039117,0.4901137326114566
user_0193,4109.837392313218,3216.450411872752,0.2173776953101358,0.0328189396225015,1875.5318159795147,1,2.010458301990773,0.46830141255562824,0.26130625316990136
user_0194,3429.334,10017.13967004549,-1.0,0.0922403845375638,3951.502984684325,0,-4.77871373488096,1.051654434828959,0.3384694215342097
user_0195,6447.442971607196,6092.461417863359,0.0550577268084542,0.048414419606027,2631.959455090981,3,0.2680804693643777,2.109234551926947,0.3651064026719968
user_0196,9008.633077836344,7371.523256981003,0.1817267732751897,0.0398308918265742,3497.9128182115423,3,0.18071459786880054,4.144049850127189,0.4088803087951049
user_0197,2523.378,3133.241145430814,-0.2416852114232645,0.0474487214230001,1541.0019928261604,1,0.9226754849098414,-0.9379510995750363,0.4515195121548138
user_0198,2797.366,4182.171021734683,-0.4950389122248153,0.0482846822860539,1554.2667644310266,1,0.24622742808031908,-0.705405877091612,0.20307405301440418
user_0199,3925.84,4576.069723142207,-0.1656281771906667,0.0572523947113727,1672.289610846388,1,0.3415396512558439,-0.08632492406881057,0.14352821611527602
user_0200,3560.53,5070.438864368169,-0.424068569670293,0.065274346262321,2125.822008982184,2,-0.6835702692172833,-0.2115600318035673,0.35053907428631953
user_0201,2097.858,3837.902587127878,-0.8294386879988435,0.054886543132082,1455.16062751354,2,-0.34612492038989023,-1.476109505783098,0.08504679324049519
user_0202,9025.332345796976,4755.708284836301,0.4730711177576751,0.0329604341837712,1508.350998633205,3,2.5704267221601906,2.803286683921939,0.45275964700105636
user_0203,3939.902715747055,4452.290385507905,-0.1300508430609041,0.0461859766036014,2186.4372215200838,1,0.5470648899687783,0.38971053298172253,0.25793497205214283
user_0204,2313.482,3423.4864523804217,-0.47979817970506,0.0516846591736005,1164.8280426979215,1,0.5265267769174307,-1.35691599605419,0.30019066495806096
user_0205,2907.512,4245.771496353244,-0.4602765169510027,0.0607590211551907,1873.3534912988905,2,-0.2766162918290887,-0.7432706392835825,0.15794618054288373
user_0206,3430.7699999999995,6433.153041135824,-0.8751338740678695,0.0585904503677695,3092.521803759381,0,-1.9794751535462198,0.44165880123619433,0.20510160319174484
user_0207,3738.466,7367.507279117597,-0.970730047863909,0.0540237541946994,4204.698339190687,0,-2.7502596779715485,1.3901820474755184,0.4441748902578837
user_0208,3064.432,3501.458253925877,-0.1426124821584807,0.0629821690051097,1913.7965453177344,1,0.3122866118393483,-0.722395753941402,0.15620730982096315
user_0209,2357.412,3325.44986570489,-0.410635843757854,0.053942019489597,1571.1908835406675,1,0.387374469619447,-1.1813836110575688,0.27955053484781744
user_0210,2231.086,4883.084357720723,-1.0,0.0606747328227071,1593.8629245835675,2,-1.1458276606992037,-1.2958285454663911,0.32226184907895405
user_0211,4099.870000000001,5635.819598683837,-0.3746337319680468,0.0504829557247546,2592.686690897649,2,-0.4729467096831199,0.7316992788936527,0.16769611549322105
user_0212,3416.6800000000003,4501.330379867605,-0.3174574089079471,0.0474711692019727,1516.8227366273136,1,0.499326576613709,-0.2620235679396392,0.28572916785458496
user_0213,2839.884,4177.606781698691,-0.4710483884900547,0.0610887972349943,1804.520417629049,2,-0.25514259537005224,-0.8353516060877055,0.14474438657079558
user_0214,2146.534,3929.135732141977,-0.8304558568100842,0.0538595868048633,1989.480992432876,2,-0.5928059176363465,-1.1574729500734273,0.16110768418090374
user_0215,3673.672,4276.766857302516,-0.1641667675564165,0.0557997172754585,1721.3650416462597,1,0.4341028130848386,-0.21366721503125927,0.23243733512988846
user_0216,2715.252,5979.301225819038,-1.0,0.0831382401626645,2811.186235986802,0,-2.755245816498342,-0.7106647351109551,0.0013498186802084276
user_0217,4697.831918071932,4461.908504235986,0.0502196370475453,0.0656539188072461,1620.5750972506462,1,0.5019451584103781,0.1107290946143945,0.07601451568574052
user_0218,3842.496,5138.217877049826,-0.337208386697039,0.0350415620430867,2456.9420894820287,1,0.27729650175441495,0.7857200142178764,0.12580048555674753
user_0219,3615.662,5265.938377316407,-0.4564244050789058,0.0507670450693293,1595.8253369797744,2,-0.052815467760063184,-0.08972847563428149,0.03548977686779403
user_0220,2280.198,2598.328642549425,-0.139518867462135,0.0756155003498708,934.9033835803698,1,0.5683840494389505,-2.0183657301256637,0.11871671448371131
user_0221,3153.452,5924.154092889694,-0.8786251044536887,0.0549152608616081,2607.6812762956088,2,-1.5026577999333097,0.03836600463465987,0.11221442781726357
user_0222,6216.692192796838,6014.0236442267615,0.0326007050509762,0.043264944429044,2212.3424129910554,3,0.6073543845976708,1.8969654837978318,0.3360258128757108
user_0223,3189.582,7550.860013363294,-1.0,0.0823352266816866,3609.8179137602906,0,-3.549338532493122,0.3136529739830981,0.36700883776923554
user_0224,2880.486,4721.248857818898,-0.6390459310751373,0.034685128243739,1346.732876375224,1,0.4366915054116553,-0.4131589616595619,0.1762183949545041
user_0225,5110.377007343786,5324.463409595637,-0.0418924869817239,0.0402022041717729,2363.02762962153,3,0.631663821479691,1.361569338092132,0.08511831833044481
user_0226,6848.884976672404,4494.678367859243,0.3437357492251205,0.0499858534964517,1435.0010986085128,3,1.7220261054066872,1.3955361345227704,0.3027586339581419
user_0227,9469.477410402036,4716.605480870764,0.501914912887414,0.0323324695257815,2670.3128189439435,3,2.1330927058986537,3.5453046384462903,0.4746784224441882
user_0228,4036.394,7922.753232065797,-0.9628295037763402,0.0493172066523647,3442.435106412014,0,-2.3611680004440174,1.4111239819635695,0.3844383133104121
user_0229,2098.396,2367.4145905798578,-0.1282020126705627,0.0533677365702221,802.2054771262192,1,1.430043979128255,-1.7263547694595585,0.4354642416781858
user_0230,3076.27,3717.02344048523,-0.2082890775144021,0.0770377884016068,1166.923759815072,2,0.053216777567569436,-1.3560956532678097,0.058680483864580295
user_0231,3122.51,4787.63010699526,-0.5332633384665734,0.0587314625985754,2830.081586533514,2,-0.9133229330973367,-0.05638845750971637,0.3083662342134583
user_0232,7986.454518566728,5164.428765772143,0.3533515086367804,0.0449640946028311,1639.1127202088476,3,1.7140955641631517,2.239873451556977,0.4624827359287096
user_0233,2368.324,2939.2469625462154,-0.2410662403227832,0.0550400933050665,1079.9775076694214,1,0.9390003023206648,-1.4355242392862304,0.4150346501855015
user_0234,6860.632952488306,5319.873626190209,0.2245797635536345,0.0390050658541275,1438.706893042708,3,1.662951062921549,1.7994327831545498,0.37673968223610715
user_0235,6607.568950306877,4714.416801071839,0.2865126589631901,0.048131240032966,548.3306736825729,3,2.0355874237106075,0.9497162525609016,0.13720649657002293
user_0236,5108.210206994219,4922.41288392757,0.0363722939224884,0.0540442245372906,2105.5565145936694,3,0.5321024426964583,0.8735977921516217,-0.0751572838897581
user_0237,3986.5416100159455,3193.984724591218,0.1988081306949051,0.0400749755077119,1194.512538097256,1,2.066988970976603,-0.07690292239933773,0.4191180847048234
user_0238,4892.928806261017,5299.201703825044,-0.08303266073362,0.0580102443840577,1755.0650988701527,2,0.2670695559352217,0.5697443877687646,-0.02172102240918192
user_0239,2133.798,3955.9325876854023,-0.8539395892607469,0.0693603938963384,1481.7510825016543,2,-0.9001660932314386,-1.7462478591685406,0.2916786183023293
user_0240,2343.916,3343.0939690285218,-0.4262857410540828,0.0495372139982704,2345.6317739494243,1,0.1329334624239012,-0.7302613988225154,0.16481677735367198
user_0241,6945.959937711503,4545.755345856461,0.3455540506105829,0.0543225636347864,1086.1403109694013,3,1.7435562917653857,1.1900388134500535,0.22813861406794234
user_0242,4055.262,4386.678153838373,-0.0817249671755791,0.0712990986815286,2385.1337981512047,2,-0.2737352524168847,-0.005815211471543223,0.16002172071795215
user_0243,2055.306,2900.326100206102,-0.4111407742721045,0.0500600971695589,588.5054816683244,1,1.0847163487924893,-1.7991213184889738,0.3617276298384016
user_0244,3025.52,3525.819990120196,-0.1653600009651881,0.0541647399282035,1331.9659939198443,1,0.8374804976641695,-0.827805976280312,0.42256571689726985
user_0245,2013.928,2753.890044780121,-0.367422293537863,0.0594171826822227,1569.183895152073,1,0.4089494743360986,-1.5698901184132221,0.23902666262049194
user_0246,8434.131113843032,3550.284061039536,0.5790575207904445,0.0340925269635161,1285.3436118993363,3,3.0967634043739,2.1683624166672884,0.36844339000975934
user_0247,3357.824,6604.95585522262,-0.9670345602457486,0.0537182957303363,2933.928186013622,0,-1.9301212068621587,0.43519159893269044,0.1876793032382882
user_0248,6488.372037915798,3964.2396846998463,0.3890239860577964,0.040015866298583,1338.137759683175,3,2.284155958226902,1.3044169073349012,0.2564876098489763
user_0249,2761.128,5379.446630426483,-0.9482786130981556,0.0608087907304662,1821.82962521472,2,-1.2870869587462668,-0.8115654751757566,0.38599959535130435
user_0250,2986.23,5276.638837799492,-0.7669900971457295,0.0445050599956802,2422.925507095522,2,-0.7367318966249751,-0.0008013062924757733,0.1775051381612872
user_0251,2002.098,4112.239881000289,-1.0,0.0565808169681456,2521.9362616810618,2,-1.2404723314931578,-1.076441374613989,0.27190520794291884
user_0252,3098.812,4582.540275449505,-0.4788055149681573,0.0648977818463882,2933.9670608449624,2,-1.02990219430315,-0.174507441629867,0.32787425064392317
user_0253,3471.874,4967.039925241954,-0.4306509755947232,0.0572398101026824,1870.118554474616,2,-0.28369274940278105,-0.22549372259469677,0.1837429376650719
user_0254,7530.78814336358,6425.370115384141,0.1467864992263228,0.0521917891029927,3018.794626831001,3,0.09487036210470075,2.7835964627567873,0.4121818236767419
user_0255,2223.118,3028.667861018298,-0.3623513736195281,0.0747617483318894,705.7040698334968,1,0.2623542154650862,-2.1484874178264537,0.03736290261260859
user_0256,3928.794,4402.076473261464,-0.1204650773905335,0.062008884295653,1616.8771487805916,1,0.32795291724168746,-0.23562049796233878,0.0999185124690962
user_0257,1834.972,1972.6229027577888,-0.075015260591327,0.0585168433098403,1012.7392846182212,1,1.3277167639736798,-1.9199373453410165,0.376539923707862
user_0258,3593.7240000000006,5280.196633135789,-0.4692827365528872,0.0651574525643871,2310.291053289546,2,-0.891396587675984,-0.07806403594559246,0.3884601802050799
user_0259,2339.1400000000003,3356.8346957363947,-0.4350721614509581,0.0711369560319346,1294.0535161615703,2,-0.08928093467605949,-1.6996345801887895,0.05885827764592531
user_0260,3933.352,5801.2677239155,-0.4748915743913841,0.0500850890956751,1806.5086502242425,2,-0.289285690038895,0.2882939311546305,0.1413088743065765
user_0261,3300.774,6347.537102056466,-0.9230450500568856,0.0616743614405155,1948.1676011758632,2,-1.5853508734307997,-0.27044085123936246,0.23357158793633592
user_0262,2788.288,4154.505468393687,-0.4899843446565374,0.056393153136342,1514.0903627846317,2,0.013890017496241558,-0.9088608874529137,-0.04840968448885161
user_0263,2121.016,2765.148992613567,-0.3036907748991835,0.0506636079592045,1221.0006401639628,1,0.957667786375244,-1.4588659858185813,0.4214717901591682
user_0264,3196.95,3857.0122839369424,-0.2064662518766144,0.0696315929472231,2570.493677962838,2,-0.4039151421826031,-0.44491945955791695,0.16966902078598434
user_0265,2708.556,6686.861828493691,-1.0,0.0631849089932531,2000.8510920398496,2,-1.932959835628791,-0.46134719938400437,0.1334890380198785
user_0266,8848.044999612543,5405.265145361185,0.3891006266810484,0.0387415391231991,3897.424653488256,3,0.9019885768922666,3.867126683928158,0.4384898641043503
user_0267,4138.576,4343.293029992981,-0.0494655722144479,0.0467035808126955,1462.3536233540174,1,1.0414723662311192,0.13396750324534878,0.38644295251610866
user_0268,2117.922,3945.246809827408,-0.8627913633398248,0.083408591010186,1737.5270520995853,2,-1.4940796051835261,-1.9457804723330703,0.33069106800144
user_0269,4057.29417603888,4972.526788344967,-0.225577089704554,0.0606841019850192,2076.10811835603,2,-0.15549245183352695,0.1554145527721836,0.13380484663197625
user_0270,2919.212,5626.706146004821,-0.9274743136177916,0.0595779946705683,3025.127420154223,0,-1.8544816793159822,-0.0722644078299375,-0.005297660242129018
user_0271,3676.768,6896.628736192533,-0.8757312770869778,0.054257090980564,4961.51469198299,0,-2.850827063774974,1.6445857323536004,0.397730609482424
user_0272,7442.008855632617,7626.995571678221,-0.0248570943187729,0.0301635659715621,4985.982098416232,3,-0.7407406145794132,4.388724842696204,0.13310413589246026
user_0273,3851.656,4291.116563020545,-0.1140965244613083,0.0589922855363945,2112.788680326249,1,0.2245756965733017,0.006515584522255059,0.08926442092423628
user_0274,3014.73,6848.672931023268,-1.0,0.0497523095668629,5027.876249468466,0,-2.9592129921290677,1.424234398217613,0.37094041622566
user_0275,3381.192,4101.0304101893535,-0.2128948637608729,0.0530744288541638,2153.317555268829,1,0.27402118324038527,-0.14493498804250593,0.19243786215608005
user_0276,5249.450127019234,4089.874104154512,0.2208947594141937,0.0394537696264637,1950.6105931267757,3,1.6103849118503675,1.0529628609763324,0.03715857348376679
user_0277,3312.44,5805.374965907509,-0.7525977726109784,0.0452508399949577,3528.4291718098275,0,-1.4006358803943322,0.7905651584191631,0.11387532362309169
user_0278,2627.91,5262.79069010738,-1.0,0.0612591232311165,2134.223144834353,2,-1.4998037496929197,-0.7914207567392466,0.3346867496479601
user_0279,7623.679378553934,3253.042282989291,0.5732976006125889,0.027881099321381,1393.2921023450967,3,3.247991776776836,1.9508903464826464,0.311509448977065
user_0280,7788.340879403746,6371.018399986194,0.1819800264733737,0.0620542513337103,2186.788261256082,3,0.26154860397700697,2.283588307223651,0.34446298326434016
user_0281,3701.096,4867.577878867113,-0.3151720136054599,0.0652422489847954,2456.2881896557155,2,-0.6142887007678512,0.010876009051589518,0.29128734351081004
user_0282,4577.828614490516,3569.9737841791925,0.2201600180314945,0.0318446943472892,1336.2161781842344,1,2.243922445660754,0.5191554322155518,0.20144219657307852
user_0283,3533.647073661034,5029.762626760479,-0.4233913353291943,0.0568475519198849,1656.8323145407217,2,-0.1717801092538568,-0.27121657718367903,0.13196190512119854
user_0284,3100.6240000000003,5408.543952506638,-0.7443404787251331,0.0507657935394934,4261.819066176348,0,-1.8205132208892412,0.8270076517794529,0.20481220710451836
user_0285,3626.178,4274.186493383153,-0.1787028914143633,0.040215568511966,1447.4478977061356,1,1.0526333610610046,-0.03245433231605889,0.4027377038613718
user_0286,2017.06,2853.1719085443874,-0.4145200978376386,0.0475425840744402,751.8707195333642,1,1.0951341036865598,-1.697673208119612,0.38143191109940344
user_0287,5770.754628179881,3919.9028965874727,0.3207295840572197,0.033833181948472,1156.5749176168265,3,2.4189282110703068,1.0181582248483145,0.09195124035415438
user_0288,2087.496,2643.1177736547197,-0.2661666291359212,0.04285247670983,952.03514713931,1,1.4283509589068637,-1.4399666279383425,0.448512937195568
user_0289,1801.2720000000002,2975.583606956431,-0.6519346367214007,0.0858727968426592,704.5260373790295,2,-0.5248804744236785,-2.752186658890028,0.13122928413354654
user_0290,2546.724,4764.378344668415,-0.8707870757366779,0.057604605361854,3217.210276169636,2,-1.5757332699266073,-0.2924257247454295,0.11895115769678641
user_0291,6151.910626708291,4365.629646359674,0.290361984875649,0.0402828920156748,1645.0024699637422,3,1.8337261297354244,1.3640230497457015,0.26522833914842137
user_0292,2564.958,3611.710135338771,-0.4080971833997948,0.0561266067408209,1345.6007988668048,1,0.36009986922877807,-1.1718073146586034,0.24643100397619125
user_0293,3135.84418896445,2138.524007047728,0.3180388188375096,0.0337140363058899,871.656369349292,1,2.8311848449477144,-0.646260382747871,0.4029044885456014
user_0294,3940.262,5724.957771087413,-0.4529383505684173,0.0586554604131814,2931.5859935193057,2,-1.0547553121036966,0.62774922135352,0.17795974557376393
user_0295,2089.054,3677.801946192673,-0.7605107125965498,0.0628598691809198,1763.6172233998127,2,-0.6125950606769023,-1.5093298817573495,0.214691891334683
user_0296,2533.056,3595.93699509118,-0.4196042231562111,0.0636819925665495,1357.6917839061937,2,0.09219215560686421,-1.354513101116839,-0.06164944003146272
user_0297,4927.542,5514.857126262069,-0.1191902831598532,0.0719659128890492,1274.9872263324194,2,-0.07378355971416267,0.0915873630097705,0.13744425466652724
user_0298,2151.958,3506.467180023596,-0.629431048386444,0.0617981194904116,1581.1173457845514,2,-0.2516584806667969,-1.5139247353484921,0.08282249459530816
user_0299,3628.08,6600.016387480483,-0.8191485269014145,0.0784527767350099,1218.234416416967,2,-1.6886953202861676,-0.7153237533366803,0.2821020876828394
user_0300,8707.21878917141,6885.294656473881,0.2092429485019182,0.0769289549696069,2495.7984085218163,3,-0.40023584878885415,2.626703066580815,0.21565089144122843
user_0301,2166.836,3396.678915111001,-0.5675754487700041,0.0629638234224947,1313.1421159982604,2,-0.04154969292708181,-1.652113588390922,-0.008646979069199295
user_0302,11506.873966307308,3962.237596525936,0.6556634227395239,0.021234123193824,1718.532685943972,3,3.6117618575474744,4.013952165868603,0.3693017342794484
user_0303,2903.528,4524.122222153726,-0.5581465796623027,0.048347484254909,1419.6377749760795,1,0.1274739777659084,-0.6717863158469968,0.11381102622034131
user_0304,3196.014,6105.83089194763,-0.9104518603321606,0.068859179337214,3952.984086119648,0,-2.699666805671095,0.4180429582632799,0.33272321980762226
user_0305,2374.146,2859.5225002477005,-0.2044425659785458,0.0491668317002441,783.8308079392026,1,1.3488752196635403,-1.444845218842279,0.45994015366582613
user_0306,3456.742,6929.843694628066,-1.0,0.0693788376544434,2808.9584210609755,0,-2.5197156408271115,0.14553883046629107,0.2256727315895799
user_0307,2969.6580000000004,4241.236342718464,-0.4281901628801913,0.0675684196995035,1504.759421211364,2,-0.2718900267911465,-1.0221560027633314,0.18643052522652967
user_0308,4799.044808762832,2767.98309761777,0.4232220769092295,0.0458494740690328,928.6887243651488,1,2.5289196855118212,0.009048966622835043,0.25970079720626976
user_0309,5352.926460244615,5037.76141570497,0.0588771482067478,0.0422775840029632,1623.530697375115,3,1.169688674825887,1.044122713166916,0.039771084495834275
user_0310,7980.222864925713,6252.670567851815,0.2164792044426167,0.0451755407614412,2359.237168937913,3,0.8369789559235913,2.7948669150593295,0.49075573502508724
user_0311,2340.352,3405.4034548889927,-0.4550817376569819,0.0510179167864411,1901.3134009545863,1,0.23801713821254164,-0.9739820293310014,0.22208074074524364
user_0312,3058.218,3134.611182954866,-0.0249796394354051,0.0397370133589693,1311.8451295707707,1,1.6371292043209138,-0.5333648117968496,0.5021870381552652
user_0313,4111.378,6574.253338497918,-0.5990388960825102,0.056809553215213,1705.1619296387344,2,-0.8521969826143079,0.30447349167475674,0.29946196488474774
user_0314,3557.3119999999994,4363.504595537279,-0.2266297124169259,0.0475502523114706,1429.640757422117,1,0.7200445339515337,-0.2320087275910621,0.358120462025999
user_0315,3868.766000000001,4699.969336638688,-0.2148497315781537,0.0475629515984588,2084.711678856018,1,0.35042664477332636,0.3008750440250215,0.1918642586207723
user_0316,3739.228,7943.73483208588,-1.0,0.0679430353881072,2807.3975057613784,0,-2.7569847814069868,0.5732954810922573,0.33729430885175476
user_0317,7114.383331864015,5520.498643180424,0.224036942393148,0.0385279094662001,3673.0472473002415,3,0.572677485528054,3.019500068716287,0.40534764099527926
user_0318,3624.19,4237.772662542258,-0.1693020130131859,0.0557952130823472,1527.8015374157333,1,0.5268019843649954,-0.33846067815059533,0.27166577869900077
user_0319,2709.338,3256.469226218561,-0.2019427720788477,0.0623269696344906,1293.8481949630827,1,0.5882750726908901,-1.2457359174477822,0.28124009944239775
user_0320,3169.23,3984.213451528117,-0.257155034985822,0.0437763727514361,1382.394558310493,1,0.9017656712613417,-0.45005692997255936,0.42206524361695025
user_0321,4749.103388896803,5978.135029180397,-0.2587923529222414,0.0467984038616254,1476.466084754181,1,0.30250910558747945,0.7078004235672816,0.048824910432259186
user_0322,4465.329485840486,3123.921314692246,0.3004051941523759,0.0359410436237537,1631.0536166270476,1,2.2045381141499245,0.44952616767612336,0.23391495548859492
user_0323,2790.666,4204.411251220244,-0.5065977982389306,0.0653474159526359,2510.91550304373,2,-0.7950917970759962,-0.6285479200726829,0.3123578881425427
user_0324,2685.7380000000003,4389.13233130596,-0.6342369699896117,0.0702666353241121,1359.2648240813696,2,-0.6478318667795026,-1.347811082345481,0.2942645051179915
user_0325,2260.728,3268.6054210959646,-0.4458198514354511,0.0632650992735956,1266.7019479769842,1,0.18662519500912628,-1.6036814288100978,0.11143981681615062
user_0326,3341.518,4307.0569133748895,-0.2889521808276626,0.047376351245325,2794.4847793770227,1,-0.017881876808932835,0.276581537658474,0.05948337988568217
user_0327,2341.762,3325.4966003453083,-0.42008308288601,0.0465017530800688,1695.5740243497692,1,0.5574491647548293,-0.972940388979917,0.3394999160355958
user_0328,2690.052,2518.4704523557293,0.063783728955526,0.0501866739938139,1019.9974327774468,1,1.707609438821971,-1.1603856279736073,0.49024523853186647
user_0329,4520.280659423149,3208.296330760824,0.2902439975551768,0.0479886595624,1234.5698175187367,1,1.964680028897303,0.03938795091044503,0.34339000710907713
user_0330,2654.53,2054.87177849757,0.2258999602575333,0.0461141300973776,513.2143032146658,1,2.4453523636622494,-1.354150420826719,0.4467676038973746
user_0331,3328.256,5615.359504780477,-0.6871777605990879,0.0812263275596263,1864.926628767792,2,-1.634972597347268,-0.7831570094421539,0.3553396072907628
user_0332,2833.822,3833.093476337088,-0.3526232333354343,0.0566504273020573,1582.021213212618,1,0.2650072476695265,-0.8692914710171761,0.2050135777043621
user_0333,3484.478,3399.909277747389,0.0242701266165581,0.0319260034992879,1209.127364979698,1,1.9723734925661385,-0.1398385546423888,0.428272328036931
user_0334,3280.7160000000003,4710.778068370614,-0.435899379394807,0.0469952064516638,732.074177338152,1,0.6496044404363507,-0.6901338733728547,0.23210657239983498
user_0335,3481.406,4326.975331195927,-0.242881563137401,0.0624384912975374,1313.0143401704547,1,0.26844046490139384,-0.6608978104378035,0.08851139861728224
user_0336,2437.1040000000003,3348.1529235640583,-0.3738243930353641,0.0761862495892778,1116.027353131714,2,-0.07316126516072838,-1.8191971776627809,0.0699604126423193
user_0337,3470.086,4730.672662725561,-0.3632724557044294,0.0483415895210521,1796.9974467207687,1,0.2085095556779756,-0.09178981170285357,0.15064765041688874
user_0338,2823.074,3376.7062350194005,-0.1961097140986743,0.0454132304905043,1471.5354514456324,1,1.040890481822298,-0.7120991004125221,0.47702787781217326
user_0339,7044.910406140143,5622.952237954216,0.2018419094367174,0.0603060880221665,2194.591338323224,3,0.49629192750654094,1.8363074593424962,0.3317431044364632
user_0340,2580.172,3556.2852644572536,-0.3783132537122539,0.059746100546678,2425.547215138945,2,-0.21621160839887266,-0.7319227915500757,0.04496182700463372
user_0341,5121.808,6158.492919204049,-0.2024060486461126,0.0537910500274678,2985.0293318187,3,-0.588946445174639,1.499370413290276,-0.07995007803548236
user_0342,3089.544,3850.637918639831,-0.2463450653688152,0.0478398981781661,1447.24519953086,1,0.7852057806695746,-0.5698841318747625,0.4224945517276882
user_0343,2304.12,2803.366756537178,-0.2166756751111826,0.0610608006422586,1380.6415452400531,1,0.6662017902047669,-1.4727054464894302,0.3130737007343009
user_0344,4816.780920544642,4896.682502639972,-0.0165881702766534,0.0694012654123841,1102.8017699390043,2,0.4131582656330988,-0.08761730171565685,-0.009570275287612826
user_0345,3318.886,3747.447708464338,-0.1291281798966093,0.0441531631756885,1587.0121606273433,1,1.0554695068311337,-0.2899261642744481,0.46267552344272217
user_0346,2062.162,2031.0496611885592,0.0150872428118841,0.0758622633237063,1000.6470537649428,1,0.8930172067318827,-2.1410545955557865,0.16848273401242247
user_0347,5618.531682490133,4959.227491521184,0.1173445711846098,0.0478158614845292,2260.2923763050235,3,0.8152733889339862,1.3421674665855499,0.18089010666617583
user_0348,4105.596,8465.540943252741,-1.0,0.064620421440947,4249.890177938274,0,-3.461951566623776,1.6167632032520542,0.4885561780899497
user_0349,3105.688,4187.841316102441,-0.3484423793061121,0.0679775924884312,1932.408507504183,2,-0.35029277131691616,-0.7412162684475709,0.21365130719792794
user_0350,2639.766,3088.282626172206,-0.1699077214314473,0.0464494789982609,943.2764795516,1,1.3657925963603403,-1.120530059320643,0.48895142740952324
user_0351,3760.624,3967.0220787132903,-0.0548839976326511,0.0466464315107464,2040.996562265883,1,0.8359855298058586,0.15105899927728625,0.3668437229609592
user_0352,6378.89872552672,5682.347891347418,0.1091960954626672,0.0354315791883745,2215.7048182677718,3,1.0874570260752343,2.0862717880298987,0.37522535633121695
user_0353,2824.71,4317.805353010698,-0.5285835901776459,0.0465831324654113,1262.8047177278145,1,0.35657402387644355,-0.7779791691946168,0.2159447736781832
user_0354,3207.7740000000003,4790.602873911729,-0.493435283754943,0.0690151052425275,1724.032944121117,2,-0.6589126772275672,-0.7428121895338179,0.34273108491945925
user_0355,2468.906,3071.491825103706,-0.2440699747595518,0.0553180120073803,447.74091028471145,1,1.1979685077907083,-1.6651657254816152,0.3727765476456915
user_0356,3642.964,6802.688671745414,-0.8673499578215469,0.0793675819379554,3673.4787330366607,0,-3.0212466882795783,0.4562850736721159,0.3366636080985123
user_0357,3102.224,6548.136317132774,-1.0,0.0599832282247621,2683.123847520371,0,-2.069933614125644,0.04423470128177798,0.10165639542702487
user_0358,4201.636,5750.091892393853,-0.3685364206689615,0.0499546857955533,2671.402672429913,2,-0.5097398759683799,0.8561765426716954,0.16678416742134777
user_0359,7806.739259236574,5928.645102971935,0.2405734448018825,0.0439151862408304,2762.8594550456846,3,0.8003591390547915,2.8685322690009016,0.4919995308148039
user_0360,5884.610265698669,3723.878261529272,0.3671835358008806,0.048638689834987,1713.835667997632,3,1.8025447512338733,0.9772428332900149,0.10925694655633993
user_0361,2650.382,3836.964173895266,-0.4477023213617002,0.0637013620191309,1778.789194648136,2,-0.2108727791199787,-1.0599215281670689,0.11091317624579418
user_0362,4110.2,7051.152504659464,-0.7155254013574679,0.0662200391639738,1661.521887155262,2,-1.447351382623963,0.14062373158796493,0.20914145073212223
user_0363,3899.34,6751.079196643525,-0.731338943678552,0.0561143719127382,2184.574097602024,2,-1.316697677997452,0.4300885102035332,0.13084913218670854
user_0364,6132.260768402581,3732.8323905693032,0.3912795734644394,0.0215319612464217,2467.216211992126,3,2.387677575500304,2.036287813530555,0.2492540555831297
user_0365,2715.398,5086.687611111911,-0.8732751556537608,0.0654663998586971,1882.9277860609604,2,-1.280724333716982,-0.937561773775707,0.415638280222402
user_0366,3073.152,3825.393702375221,-0.244778553867567,0.061294572649207,1875.2118716420769,1,0.14702476122363453,-0.6730258566121533,0.09295535145122578
user_0367,2800.186,4234.370456877309,-0.5121747115646278,0.0486957751782013,977.3214417144848,1,0.4696298875952534,-0.9814963442658156,0.2342036307924769
user_0368,3781.552,5209.418885028836,-0.3775875315290748,0.0549870954913836,1461.91244658386,2,0.015419777340797955,-0.14647575183470077,0.03790704479639477
user_0369,2554.632,4725.028638436403,-0.8495926765328244,0.0539320447595178,1928.785465876377,2,-0.7964359398897798,-0.8153036308050493,0.2643422575371062
user_0370,3609.456,5234.464573420034,-0.4502087221509375,0.0549326132076598,1977.31096504172,2,-0.3545415990429717,-0.007703102969644047,0.20009834629656684
user_0371,3399.3380000000006,6075.432244170329,-0.7872398226273256,0.0607570354042137,2861.6712789564717,0,-1.7123260458743095,0.22733116443016355,-0.01581135185389031
user_0372,4208.222747464867,3498.741621696014,0.1685940047247406,0.0395677700603256,1076.9039636717853,1,2.027408490389176,0.03229170978786961,0.3826677937317087
user_0373,3746.189405880074,2481.501121859496,0.3375932573071465,0.0510688278669932,749.4486261816481,1,2.3046127653891535,-0.7341000467586819,0.4346153367708703
user_0374,3440.432,4737.700272816894,-0.377065517591074,0.0832706342760166,2158.3985734533057,2,-1.1349348917900501,-0.6989488871146059,0.3407067507128213
user_0375,3603.238,7697.103606949322,-1.0,0.0572890851530469,2014.0275695705584,0,-1.9652709168322862,0.3077215275212944,0.06366488957041824
user_0376,3314.932,3928.5282477099927,-0.1851007042406881,0.0551613269815519,1545.1200800739898,1,0.5812138071782699,-0.5345034365808775,0.3310079458575486
user_0377,3474.17,7396.133884907287,-1.0,0.096163356828615,1561.5642392760951,2,-2.9445704152027576,-0.8865761650973841,0.05659680388740464
user_0378,2209.818,2767.9708058150927,-0.2525786312787263,0.0627046210886321,989.9825025995052,1,0.7513305092341791,-1.7621435395199379,0.2958338499501482
user_0379,3191.44,5743.487028512287,-0.7996537702454963,0.0564482641960921,1576.1751672929352,2,-0.8912799828628115,-0.4684251498336581,0.3231112870623393
user_0380,2746.45,5797.121082118237,-1.0,0.0521904166436043,3705.1988162412954,0,-2.107706732380935,0.3446478254826185,0.221144938048278
user_0381,2471.38,4115.803406082112,-0.6653867094830062,0.0820087510959745,2353.316485297636,2,-1.489260830088961,-1.314558386395097,0.3624342070270961
user_0382,2417.832,4692.095689922736,-0.9406210563524414,0.0656431499458594,2826.5423316604247,2,-1.7389564577898502,-0.7661829189685746,0.2409132229574204
user_0383,2685.074,4343.119856548108,-0.617504715530413,0.0424736966770373,2439.2016809699817,2,-0.21565077714519096,-0.23665843554689248,-0.020636404157424692
user_0384,2718.096,3194.794554338841,-0.1753795871591146,0.041296992057654,1492.1088814311554,1,1.2398565552624032,-0.6922694414863407,0.47745136127507465
user_0385,4862.333734892198,3624.108531660325,0.2546565642638524,0.0396682865918316,1641.1288434710111,1,1.901443000350495,0.6407777302997868,0.1565427805715849
user_0386,2476.986,3948.4435249554576,-0.5940516114969797,0.0617699711014329,2671.90961651585,2,-0.8276580591566168,-0.7245077496971252,0.2658898538472312
user_0387,7231.777361783502,4241.0631717207525,0.4135517508969854,0.0341016440902285,1786.5617605414056,3,2.289411555351769,2.028000409086388,0.4107402131389606
user_0388,3383.454,3386.645327463283,-0.00094321585672,0.0421653778591084,996.5182906699758,1,1.697182505568038,-0.5217703292072203,0.49919728753344894
user_0389,3553.392,6038.291924870212,-0.6993036301286805,0.063836645921445,2225.689016720832,2,-1.3611625046893312,-0.0349353672470998,0.30528676782205166
user_0390,4470.161058403401,3505.633802601784,0.2157701351696073,0.0351337425466767,1473.607938414466,1,2.072857246679631,0.44955336540669094,0.25049385790903406
user_0391,1662.53,3528.318179281438,-1.0,0.0683657061713822,1850.490624348867,2,-1.1602189287417666,-1.9472149458680246,0.2705644285468501
user_0392,2083.822,2119.1427277182684,-0.0169499735189801,0.0471005236409179,1065.4610360566742,1,1.7370957823969282,-1.4718668205072736,0.4694141129756866
user_0393,3504.806,5165.382320854069,-0.4737997825996844,0.0570747220646457,2064.4512762861564,2,-0.48832288886554176,-0.08833184856197462,0.2642282557010349
user_0394,2701.952,3510.927407548114,-0.2994040632654146,0.0465180549362613,1923.0824464107225,1,0.5930531550653019,-0.5971825906008869,0.3597048816530794
user_0395,2217.894,2908.00260808758,-0.3111549100577304,0.0443649855714176,1090.4630262924934,1,1.1825207846296337,-1.3100086158254272,0.4451680988112189
user_0396,3868.908690974381,2932.872614582643,0.2419380117642419,0.0414837472859232,1405.1254190243933,1,2.047493388760389,-0.10079784523451986,0.4258443869185711
user_0397,3703.172,3394.0648413249446,0.0834709159269554,0.0405842745310053,817.6411555336559,1,1.981287827225777,-0.392068186874946,0.4785122503492118
user_0398,3765.082,5691.054708793175,-0.5115353951901114,0.0648849132275545,2381.8132619203247,2,-1.083904218840487,0.11816522916503744,0.36836249424324347
user_0399,3894.892,7818.73135906847,-1.0,0.0640228416266578,2859.3138744185208,0,-2.5979569605974495,0.7082374311784426,0.34958507772832054
user_0400,3139.892,7370.966649614247,-1.0,0.0573276483492132,2685.7466989656737,0,-2.235631146990596,0.3510116012985318,0.23351873897498807
user_0401,6401.486289569288,9450.071079529716,-0.4762307770506132,0.089673482899968,5991.716833377063,0,-4.467062540935393,3.396653251800864,0.2914033431317622
user_0402,8155.617983869958,4344.006217141026,0.4673602631054412,0.0281287868233096,2214.89883148937,3,2.419185282453668,2.7828106131108883,0.44766333290495447
user_0403,3204.732,4045.3771077719816,-0.2623136997951721,0.0472432638083516,1843.5504537430172,1,0.5449295508054272,-0.27991238772645183,0.3393920498667496
user_0404,2374.038,4233.653858640604,-0.7833134341744337,0.0576494224183794,957.2188049028094,2,-0.22929059423421233,-1.5224489638251857,0.08001409699810996
user_0405,2962.178,3673.035422685799,-0.2399779563165343,0.0600255236576608,1379.9127534814893,1,0.46795942755644454,-0.9625255322145134,0.2591705769482574
user_0406,1912.926,3053.195543931075,-0.596086594008903,0.0788739915412313,2000.711822145475,2,-0.8518254329718681,-1.887733362642259,0.22853971540931994
user_0407,3311.5,4217.123664834792,-0.2734783828581586,0.0482238165112641,1984.1944977616508,1,0.3880926024231951,-0.1516488011121854,0.26616157023034265
user_0408,2200.02,3072.2722767170053,-0.3964747032831544,0.0403582169722564,1557.8868645443354,1,0.9209123223649508,-1.0164242081552275,0.38467444173895693
user_0409,2087.568,3041.299601646743,-0.4568625317339329,0.0474151254612446,1316.1036975314405,1,0.7204236909670207,-1.374528980154986,0.3573492605827322
user_0410,3053.392,5638.31820920533,-0.8465752871578004,0.0526402332416732,1248.5056975612847,2,-0.6553621016180706,-0.6533378255231822,0.22047356111603303
user_0411,9266.000418849188,7973.010051938645,0.1395413671987647,0.0461453921713866,4360.765746986215,3,-0.6568436263135851,4.65802850367938,0.24510725042919818
user_0412,2201.864,3645.1985437335015,-0.6555057640860206,0.0760971221741579,2670.4621072647847,2,-1.3158269178381945,-1.2684410626710254,0.31883819916796996
user_0413,3518.3160000000003,7612.771979393695,-1.0,0.0785210908556692,3538.0225307583614,0,-3.3743849128139605,0.5082694949470932,0.39821465182495797
user_0414,3360.576,4678.926493050841,-0.3922989669184213,0.0520762725124634,1492.8456189767303,1,0.19646744497619043,-0.3920954315284415,0.12446458820412304
user_0415,2245.252,2782.632531242792,-0.2393408540523699,0.0535115802458069,824.7956007192815,1,1.149352011045039,-1.6139252710298557,0.42243781490910076
user_0416,2476.04,3732.502694488761,-0.5074484638732659,0.0728879241416028,1326.142267143006,2,-0.3631294100811847,-1.6083569216144318,0.18110440253203702
user_0417,2186.492,3543.647082298886,-0.6206997703622452,0.0585834240588157,1022.463374493544,1,0.12528626137794513,-1.6781747994879443,0.08225444749102687
user_0418,3373.246,5109.727590507449,-0.514780597237038,0.0480497012737391,1855.3197756093136,2,-0.14452731614929434,-0.08358020506732043,0.03901108533399783
user_0419,3834.068,5202.998956093912,-0.3570439950710086,0.0686435763770283,2948.1322489632284,2,-1.1086768019125826,0.2894881711210505,0.27177611975699517
user_0420,2368.862,5127.11374225797,-1.0,0.0675106530803391,3686.752506410012,0,-2.4333483605816864,-0.3340461624415113,0.11375098147698609
user_0421,2790.678,4315.53443450938,-0.5464107412282535,0.0610311132300199,2634.8072966311497,2,-0.8015928505049753,-0.4697993088141629,0.29398791106781685
user_0422,6905.2871037447085,8005.103477532446,-0.1592716359601198,0.0691985774560113,1795.0542534112656,3,-0.8516673445562633,1.847726604648463,0.018700107086295263
user_0423,9228.699450683263,5776.171982582606,0.3741076937818192,0.0399070699189764,2531.879612838606,3,1.421900425196065,3.4412901070583213,0.5071305197517672
user_0424,3956.972,8513.693481907132,-1.0,0.0444464157789192,3919.759132327283,0,-2.6724565053372955,1.8553833019237158,0.3900938284797374
user_0425,5750.963636118841,5009.891138810186,0.1288605778437478,0.0395431386473613,2730.9502532553074,3,0.8753910966047979,1.8173181903443183,0.27991887974071267
user_0426,1859.716,3347.6997600030363,-0.80011343667691,0.0720498686031353,1520.3002929871204,2,-0.7733987307691017,-2.031730579069403,0.22949984771233323
user_0427,3451.57,3941.3822211527577,-0.1419099775327627,0.0461979528975749,1362.8447103301537,1,1.0319809098340296,-0.34159270987289353,0.4522506409532118
user_0428,3633.18,5229.329126383597,-0.4393256393527424,0.0547883167633234,2905.126739270969,2,-0.7750213369325156,0.4478969192576379,0.24980851470923882
user_0429,2547.6040000000003,4789.805352926568,-0.8801216173811031,0.0615044569598878,1945.2056155148207,2,-1.115330635483125,-0.9757978909812893,0.3726416033490988
user_0430,7039.656933190442,4605.971439508309,0.3457108090321615,0.0329335548148963,2232.6839849408902,3,1.8880162502538993,2.249796828578728,0.4308875055757174
user_0431,2568.388,3141.8695993330366,-0.2232846436492604,0.0468972845916534,1186.837974273074,1,1.1374913670651043,-1.0615360190095195,0.4799742290167157
user_0432,3547.424,4470.19879538243,-0.2601253178031242,0.0816932624439601,1339.6344809300654,2,-0.4372671949253027,-1.0115555504673246,0.21363268479345518
user_0433,3904.476,8260.80363762347,-1.0,0.0640108575986293,4100.878042192428,0,-3.328215895786738,1.4233665285809607,0.49351205362238293
user_0434,2435.206,3313.472167723562,-0.3606537466331644,0.0452685240875939,2126.189529781192,1,0.4864617343268238,-0.6725395255569725,0.30002029927830137
user_0435,4721.128284973133,3689.8921729820495,0.2184300128580283,0.0464320572676547,2769.3602323924288,3,1.0546150290061258,0.9669669658895036,-0.07874730200994286
user_0436,2661.1800000000003,3926.07767087701,-0.4753145863402737,0.0455662437445291,1847.893090518521,1,0.2869838917955218,-0.6209212272722289,0.2357261329979053
user_0437,3326.688000000001,3872.905206066995,-0.1641924959800842,0.0555233271552496,1400.4679050062723,1,0.6856291412387021,-0.6086588081417403,0.35680729746227224
user_0438,2184.166,4158.0995373037695,-0.9037470308134864,0.0817662250200633,1366.9595317554429,2,-1.3778038769537333,-2.0246061154014536,0.3186725090517857
user_0439,8464.738058318298,4225.193249491289,0.5008477261338062,0.0316918153247052,1329.035256121505,3,2.841507965149448,2.395102162148101,0.4110344352693723
user_0440,4498.294,4504.176125873105,-0.0013076348218024,0.0450621658264205,2082.1626627483347,1,0.8522839761775456,0.6781182437206664,0.2408530429387166
user_0441,2579.472,4042.717192979509,-0.5672653911263656,0.060381527207436,872.4929307155999,2,0.09739526986275138,-1.459972145711471,-0.039710893418309065
user_0442,2537.35,4680.88164182416,-0.8447914721359527,0.0790003506229889,2122.3832940496786,2,-1.6933659701190213,-1.2852250923858675,0.3841210901662783
user_0443,9106.039456624105,6768.885572390781,0.2566597581051752,0.0617551446640705,2769.811152912217,3,0.1094550667831721,3.238108638689926,0.38431876683981375
user_0444,3031.35,4955.333202008344,-0.6346951694816975,0.0702319433724357,1615.1571816061562,2,-0.9092559124389098,-0.9315748652990694,0.38518939832529003
user_0445,3283.226,3680.218172736012,-0.1209152744087711,0.0465988246019956,1523.732220494183,1,1.0338319647418688,-0.4007309922287699,0.4707489216802761
user_0446,1725.19,2324.6630987960707,-0.3474823635634745,0.051071930257801,847.3035943960981,1,1.158501088214345,-1.9506001025280542,0.3795259905069597
user_0447,3874.608,4573.614405326931,-0.1804069999666884,0.058546953763417,1748.0487237824302,1,0.23798298221073505,-0.10867014810844809,0.08841170167255416
user_0448,6850.817860001606,4302.8790459296415,0.3719174653508256,0.0370744268530343,917.867245681534,3,2.4915494939315703,1.3963834780978042,0.2655237039148229
user_0449,3649.62,6063.739731978055,-0.6614715318246982,0.0744339643323836,3588.504431754882,0,-2.307485442334958,0.4462421897337882,0.19129054850169563
user_0450,2709.282,4571.391513848849,-0.687307380275973,0.0891390410021336,1665.0385481544656,2,-1.5401188546436464,-1.5864508413575231,0.3404829536704617
user_0451,3375.654,5794.045496420802,-0.7164216167950869,0.0551707911741774,1986.3283391861464,2,-0.9284089891280033,-0.10865836312413385,0.34272041181839746
user_0452,2564.192,3207.125519526804,-0.2507353269672487,0.0726849773477441,1995.3688320523968,2,-0.15404130691672446,-1.2411189977236115,0.07567338938874692
user_0453,4432.112,4156.3916702226,0.0622096936578769,0.053058482044893,1939.1108190895568,1,0.8460671235438912,0.3524081749591904,0.28863141939548476
user_0454,2293.194,3623.274869505879,-0.5800123624542359,0.0685869997036636,1382.7887073630934,2,-0.33346843505077717,-1.6359291850665358,0.15658951750207
user_0455,1645.0099999999998,2500.8543118856105,-0.5202669356937714,0.0413171102277672,1212.832517786639,1,1.004681356419925,-1.6560458574379402,0.3367707608169363
user_0456,2725.514,4227.157288655118,-0.5509578335151158,0.0582919922553515,1468.731188895157,2,-0.13910142768189798,-1.0137844507644995,0.06411565828343167
user_0457,2708.674,6091.756491745311,-1.0,0.0661466211040373,2075.9981711958967,2,-1.8812860789438297,-0.6588452899241815,0.223578641035896
user_0458,3214.846,5145.72232118033,-0.6006123842884947,0.0447411286918152,2977.065250136412,2,-0.717950703347689,0.4122001310990614,0.15009798991253975
user_0459,4811.113980755189,3918.723210359928,0.1854852688930027,0.0443950593362798,739.0706397577898,1,1.9868523298060288,0.13232470042693392,0.27877804803733053
user_0460,2253.114,3536.4633120480853,-0.5695891606230689,0.0540504482547886,453.7505208222312,1,0.6253045021685724,-1.7919125153779945,0.21668516140542185
user_0461,2163.698,3290.6846513850905,-0.5208613454304116,0.0831980829853119,1526.315157660276,2,-0.7113090572061997,-1.9933303232854058,0.2125190602057721
user_0462,2475.828,3795.80956527899,-0.5331475228808261,0.063604341861151,1696.322015534167,2,-0.2904276835690301,-1.230136081014282,0.14105585814428873
user_0463,2382.896,3192.131087576634,-0.3396015132748698,0.0649339772202455,1090.662433955035,1,0.39770949754987756,-1.6302881148949508,0.178144249764308
user_0464,3728.856,4642.700554125688,-0.2450737046766321,0.0421001939809282,1766.376607335182,1,0.643894424315722,0.17969963626427815,0.2973815242687566
user_0465,6935.953026972277,3474.5148933066725,0.4990573206313382,0.0298190047030044,1181.3296547488394,3,3.0432926127577153,1.5569297657488064,0.2573726256030113
user_0466,2493.892,3146.3488329164256,-0.2616219278607196,0.0668725406082135,1105.2709872266691,1,0.4594296137465349,-1.586218180618621,0.18103178395052358
user_0467,3535.324,3818.190483559848,-0.0800114737884982,0.0523020391695795,1835.6673096962988,1,0.7368674443513424,-0.21452685085893855,0.3692960398875501
user_0468,3568.223295927457,3761.895895435418,-0.0542770402651106,0.0453312487942182,2313.239616062095,1,0.7930836622763421,0.17545952225331637,0.33635144568924874
user_0469,2406.976,3666.87343140398,-0.5234358096648991,0.0679590958378671,1457.0527825496415,2,-0.27275553691982574,-1.4949649534683174,0.14111305751363948
user_0470,2360.3,4491.598718679974,-0.9029778920815038,0.0627345482543587,1421.6306882125573,2,-0.8633641704542853,-1.4214325986451255,0.2923094004185077
user_0471,3127.37,5447.530176868841,-0.7418886082775117,0.0491813626700839,2961.2556023269485,2,-1.151856250826462,0.2707359305731565,0.11860872635554119
user_0472,3603.216,5910.798709931275,-0.6404230859130494,0.070606676482632,2631.6466718013,2,-1.6524794879475406,0.029765965765581874,0.19807892862075038
user_0473,5390.729176896302,3587.309867644418,0.3345408849290771,0.0368430669168675,1058.171887877994,3,2.449359513802148,0.672738126156135,-0.06065481322740412
user_0474,4979.036575657656,2499.3156678845808,0.4980322739335453,0.0309954362642551,628.6526276741296,1,3.3645379198473138,0.2314894454047653,0.14356871099610022
user_0475,5091.220998527085,4688.805534926212,0.0790410519828727,0.0664842094267951,2052.896794604262,2,0.2780502764737612,0.5323118152424162,0.00457111294779844
user_0476,3201.3920000000003,3491.417825924552,-0.0905936623582965,0.0736464814804805,1098.116540710819,1,0.44132510269794045,-1.2559562525413712,0.07761994301266212
user_0477,3845.15,10418.195207329129,-1.0,0.0750193466606098,3739.438552527045,0,-4.19277994952346,1.6015879707358704,0.395384669567362
user_0478,3058.004,4044.950603505728,-0.3227420904307932,0.0518078654760025,1691.661417986994,1,0.3700452086975077,-0.546125984728005,0.27436191031726853
user_0479,2618.882,3599.511482262192,-0.3744458445482431,0.0559669865391358,1956.2304067048533,1,0.1284134219149714,-0.8414644049055536,0.14948923158412447
user_0480,2119.966,3517.51299855691,-0.6592308549084798,0.0708174443944543,1411.4587920306578,2,-0.5139061485047416,-1.8181752150380037,0.19913729449145845
user_0481,3371.4620000000004,4924.587776922898,-0.460668332291124,0.0584911820837605,2293.729178704097,2,-0.565910516586688,-0.12282556476505278,0.28185192778334145
user_0482,3416.442,4706.547809940377,-0.3776167749782894,0.0630160604599857,1020.8323195177888,2,0.0807504372738275,-0.8138779956845958,0.030803883302042576
user_0483,4001.618,5186.332834427288,-0.2960589527604303,0.0638121042169753,2426.165328473149,2,-0.5941846692228573,0.2471329109652423,0.2826246119690357
user_0484,2449.404,3625.6304358435655,-0.4802092410413168,0.0444472064894002,1754.2183082227357,1,0.4328724375328532,-0.8114742077950131,0.28699096865777884
user_0485,2690.778,4731.145327775019,-0.7582815556597456,0.0904077798348244,1682.4084489343163,2,-1.738496947180443,-1.612446901190811,0.34658456403585247
user_0486,4066.166,4116.745752793166,-0.012439175575509,0.0459609936778808,1621.7198378464532,1,1.1028135403836243,0.1562309498661234,0.41161613230215877
user_0487,8227.756909648077,8461.60757187583,-0.028422164727975,0.048119552212672,4718.670296538163,3,-1.3833431087542256,4.412393848833327,0.06979734260450574
user_0488,4084.439675587154,3495.520591001748,0.1441860160416609,0.083071351229994,2017.9621540750695,2,0.10385001100736266,-0.5340095247958382,0.053855589466424866
user_0489,2287.31,2823.444627086911,-0.2343952621581295,0.0607834520913599,1132.9971124259666,1,0.7616666929634861,-1.5955453160716386,0.3309628074499482
user_0490,3245.39,6185.6232052904,-0.905972226848052,0.0560921336684352,1713.95962048768,2,-1.222281551783105,-0.31628709451744186,0.30375203278930407
user_0491,3219.1,6596.447488692023,-1.0,0.0451913205356202,4041.584258719487,0,-2.237500174886411,1.0661088942363346,0.32079067382162396
user_0492,4253.212,5033.271016156337,-0.183404687129712,0.0471968942080315,2382.6407458902213,1,0.19971971744010977,0.7133664256733504,0.08893841054811229
user_0493,3816.006,4294.996124930158,-0.1255213238475405,0.0553112298823101,2129.739687381621,1,0.3167132987687418,0.07457814026534451,0.16140908780283497
user_0494,5301.607926810877,4644.838561483181,0.1238811648078185,0.0463544610585432,1829.073100637968,3,1.1428365511731993,0.9620676748642171,0.0073831545560901725
user_0495,7204.038686895445,4317.88435815709,0.4006300429769253,0.038376756947827,1632.7429676853897,3,2.178329473722427,1.8652916706316038,0.40556868101373356
user_0496,3514.7940000000003,4873.454836034161,-0.3865548979639094,0.0412979305215022,3682.2282323540494,2,-0.5342338755710319,0.9942024011475281,0.050357005814177534
user_0497,4404.278,7307.122715117291,-0.6590966135918964,0.0590617857486687,2478.014674882966,0,-1.5748064950038063,0.9041232764603656,0.06571613524549551
user_0498,3093.28,4745.225769525166,-0.5340434003792628,0.0569340744689974,2412.173645163894,2,-0.6452503190553658,-0.23840422025268876,0.27623115642522833
user_0499,2079.744,2351.3739573029684,-0.1306074003833975,0.0562266643371731,959.2663885960038,1,1.2607655213504183,-1.7277229925329478,0.41407620173393006
user_0500,5677.188150936136,2985.3342723931214,0.4741526627225034,0.0397264064114282,1603.8606690165664,3,2.5011819425989366,0.8964120391405259,0.042463937744011596
