user_id,media_renda,media_gasto,taxa_poupanca,pct_gastos_essenciais,std_gasto
user_0001,11614.32264520049,3834.9692724781244,0.6698068936406817,0.797839218193211,1769.4570000943538
user_0002,3615.436,7084.610157099638,-0.9595451716195883,0.8007459066587741,3574.8383076435807
user_0003,6055.769376272927,3473.659978725899,0.42638833104575863,0.8436641827756214,1557.497464135445
user_0004,2765.23,3815.7431790442943,-0.3799008324964991,0.7986414813171262,1623.2446343918305
user_0005,6475.678303163232,6118.832497148885,0.05510554868669679,0.8579955772753295,2422.9590283115344
user_0006,2178.502,2407.1540905056663,-0.10495840284088166,0.8132419677200174,856.2984035279121
user_0007,4545.685277128111,3868.950083065446,0.1488741856959827,0.8075705025875598,1680.198050187819
user_0008,4023.3120000000004,6049.1357729399915,-0.5035214203969245,0.7863297964545028,2649.794860534507
user_0009,2083.7,2276.0647095137824,-0.09231881245562347,0.8200752543487841,1021.1614780961279
user_0010,3110.2760000000003,4518.163954199035,-0.4526569199000458,0.8223465242850059,1882.5196528605777
user_0011,1991.7720000000002,3799.6686842858885,-0.9076825481460168,0.7360780576379928,1700.6518681822195
user_0012,2234.46,2866.0445334345995,-0.2826564509700776,0.8231904894207215,756.6618065332027
user_0013,3451.132,6661.728861820724,-0.9303025389410559,0.7726975075331637,1809.579577032318
user_0014,8785.656337926252,4360.00758953444,0.5037357003468261,0.8211191706897484,2000.3366051204457
user_0015,2055.314,2723.0905991581126,-0.3249024719133489,0.8069030794912437,961.6567467753068
user_0016,3550.814,5022.9789576004305,-0.4145992883886429,0.8385461315311812,2441.705610817446
user_0017,3588.4019999999996,5228.922572885878,-0.4571730182086285,0.8385620300189957,1519.3138115578436
user_0018,3793.058,4763.080667223247,-0.25573631281758585,0.8264321718080854,2771.3310049672305
user_0019,2651.4155431827126,2664.081204186546,-0.004776943031958651,0.8443530927854687,1361.9226019609582
user_0020,2600.4519999999998,4068.151141131761,-0.5644015506272607,0.7550775816511237,2333.861300002211
user_0021,4559.4433889901375,3072.07916910776,0.3262161832020927,0.7508946307675226,1543.5716618790632
user_0022,2648.046,2298.27086588423,0.13208801286524857,0.7766674343561106,847.2186049576806
user_0023,6805.895871075749,7132.842982877308,-0.0480388060580012,0.8539249895797855,3188.916225545701
user_0024,8629.321938737558,5433.694830820188,0.37032192455029433,0.8427676871866504,2143.266915838155
user_0025,3867.536,4745.284290658592,-0.22695284301389618,0.8236107204567573,2378.748262560087
user_0026,6219.1376997229245,4012.9942702271946,0.35473461692189545,0.8348938584548519,1726.8424262699225
user_0027,2244.984,3052.326323816421,-0.3596205246079353,0.8168617994310383,1595.611292473842
user_0028,3826.222,5849.159305956951,-0.5287035895870524,0.7808866088661621,2348.543703667861
user_0029,3866.8759999999993,5993.302801492517,-0.5499081950113005,0.8320503824316146,2827.9214696534223
user_0030,3061.493158593659,1739.883661843156,0.43168788179085893,0.8321635626839666,1176.8073376069726
user_0031,2892.838,4724.7286346700275,-0.6332503357153173,0.8325920709095429,2777.2620938505106
user_0032,3841.7699999999995,4039.089757291945,-0.05136167893755881,0.8166591261227136,1777.7204312653537
user_0033,3999.558,5793.753898957376,-0.44859854487855305,0.8124012404098013,2754.778660267909
user_0034,3277.5099999999998,4627.222672081531,-0.411810390229635,0.7901203962019997,1783.7564962317772
user_0035,8419.680362324316,6718.291090955712,0.2020729051641721,0.7856038248675935,3396.094049676027
user_0036,6916.96822170776,5767.662430134861,0.16615744857204817,0.8445882355127245,2151.372150642602
user_0037,3993.0428059536525,4663.77740940819,-0.1679758109415876,0.8152895810694405,2074.6732741020555
user_0038,4909.442,7015.322704570268,-0.4289450215666603,0.7850273380868503,2975.5365517218734
user_0039,2779.662,4746.0619470032425,-0.7074241209914165,0.7956581714802392,2768.048723688361
user_0040,8903.48524173935,7167.066159863874,0.19502689505623932,0.7716084804715528,2027.0097420891027
user_0041,3975.199492432548,2290.2766718705593,0.4238586827578135,0.8196361657477383,714.1939898269951
user_0042,3225.7400000000002,4701.523303338511,-0.4575022485812591,0.7818426898034423,1860.59956777903
user_0043,3796.8720000000003,3844.5001979162844,-0.01254406203745717,0.8072808893344947,1551.8778746432224
user_0044,3791.268,7368.83237356557,-0.9436326773959451,0.8228142366288388,2088.345924210077
user_0045,2876.794,5780.372067738523,-1.0,0.8183563824919798,2289.280082727242
user_0046,4780.882568772389,3075.9819684002914,0.3566079224593616,0.8088017468095855,1685.9156564012947
user_0047,3951.4559999999997,7489.5356592070475,-0.8953863232203644,0.776547414715986,3261.822158643153
user_0048,3450.364,3616.800515838505,-0.04823737896595979,0.7951519435780682,1717.4559287486602
user_0049,4389.507587540753,4550.579283884981,-0.03669470735200839,0.8592356139320995,1926.1893965937795
user_0050,5038.320924731239,4642.418459190292,0.07857825483041564,0.7543912494754823,2668.533695260992
user_0051,3200.29,4305.495401935355,-0.345345391178723,0.8062539563559081,2054.873275627043
user_0052,3418.436,6123.210345423244,-0.7912315296887944,0.8401319098255566,1559.6762899469206
user_0053,3905.768,3436.8523308195226,0.12005722541136017,0.8402467390275514,1359.9534831732876
user_0054,3436.6119999999996,5457.893671189928,-0.5881611515032621,0.7927776151057443,2730.816391524712
user_0055,2226.12,4887.557711222424,-1.0,0.7692680132844533,1420.8103724522148
user_0056,5358.660991278604,5843.160571960205,-0.09041429966742426,0.7930003049290517,3167.3796288592366
user_0057,2705.236,5277.7891298144605,-0.9509533104743766,0.845915649929233,3113.935196477326
user_0058,3869.9900000000002,5097.156269699163,-0.31709804668724284,0.7835301973336364,1617.1947071274296
user_0059,3894.1580000000004,9141.900562063229,-1.0,0.8381798937092265,3236.917713103795
user_0060,2864.9880000000003,3531.5847146132555,-0.23266998487018276,0.8329422376851429,1379.1902806306773
user_0061,3964.24646117996,3239.6360614901905,0.1827864152205332,0.8090023505641004,1790.353750242878
user_0062,2254.668,2596.9346631375183,-0.15180357513279924,0.7773166878341483,1328.1147988801858
user_0063,2172.34,2787.847653673597,-0.2833385444606263,0.7823792430266256,1272.5693565096374
user_0064,2710.138,7627.928196475128,-1.0,0.8184587317224746,2683.8971944021146
user_0065,3521.3940000000002,6905.393992315326,-0.9609830630469993,0.8584856995723211,1788.2065254691645
user_0066,2943.4759999999997,3332.056995208163,-0.13201432429147145,0.8033428142295684,854.5011946589237
user_0067,4202.62,6681.713416339354,-0.5898923567534905,0.8105954514818166,3736.39529398351
user_0068,6331.121363184159,6333.231784398262,-0.00033334082432456065,0.808139067180192,1090.217687660992
user_0069,8736.975123306423,5439.903470681818,0.37736992564273897,0.7972281446151085,877.3286658000341
user_0070,3595.0840000000003,7356.136060985581,-1.0,0.8408101273760686,3879.5800762723306
user_0071,2704.072,3825.2462858522385,-0.4146244204489519,0.8399064648602909,2590.2362828049077
user_0072,6678.218820401124,7229.468546655773,-0.08254442405670363,0.8537678724815828,3893.6656291627983
user_0073,3811.268,8808.264443302598,-1.0,0.8129942909688757,3979.094315118174
user_0074,4381.048000000001,4442.794467003468,-0.014093994634038915,0.8197796441076338,2663.625353452163
user_0075,3226.4880000000003,5807.836804709102,-0.8000490950870114,0.8407524291798343,2825.2740278703996
user_0076,3783.6547066622197,4288.106213402023,-0.13332387489047834,0.8066828699658538,1560.279725854695
user_0077,3952.5240000000003,6834.6269893570225,-0.7291803893808164,0.8567662734020767,2957.3429509004877
user_0078,3690.722,5187.805643476689,-0.4056343564962867,0.8449366679586595,2196.751427613551
user_0079,3493.6059999999998,5835.629208182659,-0.6703741658855231,0.8400948218290265,1016.4010095707775
user_0080,3017.196,3627.4455585493038,-0.2022571813529197,0.8116350626823945,2208.9012535059423
user_0081,2299.8940000000002,3178.9726696382613,-0.3822257328547581,0.8277277939546667,1183.1685464350767
user_0082,5977.486344510287,4886.184874378132,0.18256862621432915,0.7739410373165494,1489.306135512442
user_0083,2016.6300000000003,3213.1142751215375,-0.5933087750958466,0.7758957779153298,1654.89810902109
user_0084,2423.744,3009.1094808077114,-0.2415129158886876,0.8300516923828568,1220.820602926688
user_0085,2271.094,2593.9147062230613,-0.14214326057092364,0.7742243908002595,901.9902279077573
user_0086,2044.628,2254.2114527095664,-0.10250444223084418,0.8200622635647411,1885.468892200449
user_0087,2269.438,2868.8570301151717,-0.26412663845197426,0.811194439126441,1316.8344333623093
user_0088,3583.3660000000004,6240.644241713146,-0.741559260682036,0.8336838701194845,1545.026835020987
user_0089,3600.186,4649.220687033265,-0.29138346936332304,0.8182206825985499,2050.16504025187
user_0090,4686.308691475027,3375.974777691196,0.27960896305603816,0.7913134399828121,959.0045255027555
user_0091,3054.2619999999997,3386.5710760391244,-0.10880175834264535,0.8325821010610208,1733.3583159154314
user_0092,2693.2059999999997,3652.510082124651,-0.356194098084087,0.8433545611912653,1217.2254793784757
user_0093,3236.0559999999996,5801.184850468542,-0.7926713414318365,0.7772709018858962,4506.75245807769
user_0094,5661.035063738741,4287.883558223692,0.242561914924472,0.7730330554232456,1776.20727163866
user_0095,2654.92,3906.378908470456,-0.4713734909038524,0.7771779869851907,2047.8792895806173
user_0096,2300.252,2089.7306643319803,0.09152098799088955,0.8014022121645915,607.1831970561071
user_0097,2810.796,3218.647588296849,-0.1451018104113031,0.8297107913424467,1388.0531119182886
user_0098,2552.928,4971.9514488044415,-0.9475486378011607,0.8547043651957514,2741.8819373732726
user_0099,3626.2160000000003,4478.902811176074,-0.23514506890269998,0.7968557510547284,1600.546066246091
user_0100,3179.028,2760.807654977828,0.13155604323779843,0.8168835568078548,1363.7290641409277
user_0101,2608.392,4356.972565705548,-0.6703672476014142,0.7657476716623227,2157.8521223264497
user_0102,3334.5099999999998,5192.80364723376,-0.5572913703164064,0.850072751987399,2574.421538275459
user_0103,4136.118,6537.458977615128,-0.5805784500382066,0.8023726558437688,2028.9442200130054
user_0104,3511.0199999999995,4930.111279051484,-0.404182055086979,0.8377645546246155,1462.1391288804753
user_0105,2310.246,3906.178322779214,-0.6908062270334907,0.8509440677902202,1435.826592895769
user_0106,3655.9,5389.255357474025,-0.474125484141805,0.828625456324529,1926.6863966174124
user_0107,2800.2599999999998,3101.807528215835,-0.1076855464192023,0.8044242944950031,593.9331626096621
user_0108,3905.202,5155.8366150948,-0.3202483802617125,0.7507207318866052,2587.928233671402
user_0109,4356.106,5504.01460149002,-0.2635171415686442,0.8318482943441797,1540.0816747846675
user_0110,4723.465754463587,4837.307154178388,-0.024101243796935297,0.8230212183919665,1912.4668738566452
user_0111,4802.021700605318,2417.127924610964,0.4966436898220861,0.7707727134682318,1776.160088033235
user_0112,3289.8720000000003,5682.252836921391,-0.7271957197487896,0.8538735362919347,1774.7177122587232
user_0113,3833.45,8125.18018495998,-1.0,0.8285717062297507,4078.7803400997477
user_0114,3463.9300000000003,7009.419012207547,-1.0,0.8339239577651534,3890.6593828148903
user_0115,4218.102,6269.495519256697,-0.4863309420342839,0.8439216763403372,4861.057106055967
user_0116,8554.921119392395,7552.657967828869,0.11715632880490084,0.8535627551573556,3757.9751594073123
user_0117,3843.124,6932.929892722388,-0.803982877659526,0.771888685987675,1909.6766616343748
user_0118,3921.7977891185446,2629.6481161687107,0.3294789130982337,0.8063553589985105,1582.4078999642659
user_0119,3413.4739999999997,4956.104011431727,-0.4519237619597299,0.8368921739119318,2011.9954088080517
user_0120,2638.648,3112.484357913362,-0.1795754332951428,0.8482035348774413,1224.3080602509106
user_0121,2479.358,2753.6813577362427,-0.11064289938614856,0.8374394340353171,631.5583985936255
user_0122,6340.143342041876,4478.041964941893,0.29370020150053644,0.8300608654723627,2131.042537008584
user_0123,4985.244345038697,2637.7964257982408,0.4708792100785653,0.7646558614825427,930.000524469761
user_0124,3029.326,4278.413879781824,-0.4123319443935133,0.7708851887924523,2197.2229259889946
user_0125,2695.224,4651.299868384946,-0.7257563261476397,0.7171382449284253,2927.1816079678224
user_0126,3460.5519999999997,4528.901065863358,-0.3087221535360134,0.84772959664444,2451.7175765314714
user_0127,3545.236,4691.573708666665,-0.3233459517692659,0.8336775885369889,2087.932330991836
user_0128,3990.8460000000005,5813.053992445695,-0.4565969201632172,0.8340970632994265,2508.6607337114824
user_0129,1966.6680000000001,1982.8223338454875,-0.008214062488171553,0.8051031498060189,732.3689665464323
user_0130,3750.308,5365.964646611145,-0.43080638886489997,0.8235115466184452,2265.1399911697777
user_0131,3283.28,4514.07711012873,-0.3748681532274828,0.8237622123310844,2194.498900425209
user_0132,2078.7419999999997,3908.0826031874376,-0.8800229192403088,0.7920303576203479,2543.6461257988944
user_0133,2561.5440000000003,4297.351034597431,-0.6776409207093185,0.804381473046673,1683.7906489396573
user_0134,3621.5,3490.8957950948497,0.036063566175659326,0.7996511072106618,1772.351362075068
user_0135,2649.918,5985.657915128662,-1.0,0.7976274764526443,2649.847819103626
user_0136,3827.982,6117.377558121605,-0.598068527522231,0.8740240820866896,3025.4768326822555
user_0137,3437.2239999999997,3509.0201441289923,-0.020887828122052168,0.8296591577090756,1723.8125652810277
user_0138,3205.778,3907.073958846857,-0.21875998863516347,0.821840587782105,811.5042189047807
user_0139,3179.888,8335.461651213685,-1.0,0.852180672692088,2654.513881541616
user_0140,2519.5919999999996,2803.1793189314953,-0.11255287321578086,0.7263839482998913,585.2658542235563
user_0141,2209.79,2891.593976106268,-0.30853790455485286,0.798347160344045,768.4015715998999
user_0142,3671.804,6803.772515349546,-0.8529781315531945,0.7751008322599179,2629.4223308895703
user_0143,8615.688873879415,7127.952586125039,0.17267757802452868,0.8247635506536074,4261.7725386637785
user_0144,3868.028,6664.031888094444,-0.7228499607796129,0.7494935421629859,1281.5868415989576
user_0145,6441.234177659773,3444.824563188359,0.46519184551058634,0.8261604706421855,2014.2086961289885
user_0146,3151.25,3832.8578205536696,-0.21629760271437354,0.8343801548795635,1303.087207199158
user_0147,10315.469000894127,9285.99569188395,0.09979898237500819,0.8341094417316085,4629.0901354408
user_0148,3139.09,3078.5105871035603,0.019298399503180814,0.8473311513466865,1690.373197617027
user_0149,1943.3020000000001,3229.560054107051,-0.6618930326357154,0.8105238679353335,1521.3929205439233
user_0150,3651.3559999999998,6675.124943647306,-0.8281221945072753,0.7994290725718107,1861.4458900348484
user_0151,3581.28,7353.4518556049325,-1.0,0.8463743745600333,4889.462783200107
user_0152,3655.546,7640.957622740496,-1.0,0.8065868370497039,2972.5778000514765
user_0153,4268.958482782427,3111.5959144785074,0.2711112260687934,0.8094943513559184,1227.7173469618895
user_0154,2044.9060000000002,3013.286899575236,-0.4735576596553757,0.8202890451406295,1100.5117128020506
user_0155,3611.292,5468.158161300799,-0.5141833341919733,0.8521441429148093,2531.0119802579234
user_0156,2448.394,3785.249928077939,-0.5460133982022253,0.8108003826489913,1138.3678292845202
user_0157,3546.6016885361664,2778.3945971762087,0.2166037121797654,0.8467904035670426,1856.8513028437865
user_0158,3901.632,9221.978487226832,-1.0,0.7865118967903619,4938.072433442533
user_0159,6346.181338192214,5244.673242350889,0.17357022075815792,0.8252093713457072,2511.7189561779337
user_0160,3871.85,5649.169177338675,-0.45903616548644055,0.8314103248575823,1817.1277825036045
user_0161,4139.372,7357.096718476469,-0.7773461091384075,0.8528658733979286,3676.9251953255216
user_0162,2534.254,3039.7293796061867,-0.19945726813736384,0.8188377893141665,1291.6100040856236
user_0163,3721.5559999999996,5242.314688730536,-0.4086351753757128,0.8103476556363071,1685.2338742500667
user_0164,10467.26238740939,4812.477893895013,0.5402352863835981,0.817541723360756,2483.617553404642
user_0165,3565.078,4989.046405283353,-0.3994213886157198,0.8193556681335501,1756.7983904474765
user_0166,3654.5,4512.549312027812,-0.2347925330490662,0.8142299965638626,1116.3778152595548
user_0167,4746.59919807508,3858.910923004594,0.18701563751800987,0.8218958762485518,1026.2634840463577
user_0168,4379.6720000000005,6152.815943905185,-0.4048577025642981,0.8174909230998023,2233.444950442216
user_0169,5609.408296409186,5646.425872954717,-0.006599194529880802,0.8310611383584199,1426.627982063993
user_0170,3887.8900000000003,4597.999491458216,-0.18264649757534687,0.7802659420896311,1547.7157060567267
user_0171,7026.069373073455,5115.120499253979,0.27197979017157903,0.7992922201728323,1316.6599025254395
user_0172,1861.548,1932.1385444400403,-0.03792034609907468,0.8348375503787406,1103.22994909504
user_0173,3975.5919999999996,7615.379853654852,-0.9155335491305076,0.835756281914326,3605.559514087576
user_0174,7275.25837695332,4419.189038339381,0.39257290815422324,0.8068240456967692,1682.0307209429545
user_0175,3966.71,6762.682756811426,-0.7048593814045963,0.8057096479811076,1693.8784723557549
user_0176,2588.436,4597.548027287692,-0.7761876389015189,0.7880880658926136,1684.537662392327
user_0177,3330.7,5666.134192465338,-0.7011841932522708,0.8324398982814561,2300.848176333474
user_0178,4438.73,9886.063571663133,-1.0,0.765213312052442,2691.7609863754437
user_0179,3794.9139999999998,7064.125782910187,-0.8614719023699055,0.8052617124881507,2676.832637693638
user_0180,2872.054,3109.3982721630337,-0.08263920948667175,0.8089572978773918,1023.7108786119505
user_0181,2785.3740000000003,2596.2668761820764,0.06789290192912112,0.793588000891626,1118.6094274374475
user_0182,4409.189518154289,4475.4514321651895,-0.015028139239212951,0.8126554969370567,2029.94586582598
user_0183,4900.181710637152,3209.344400924281,0.34505604272642726,0.7816088642286815,1243.2507690807022
user_0184,2181.436,2252.6896554645027,-0.032663647003397106,0.8290696482352122,622.3949866787622
user_0185,2795.9260000000004,3625.7284230534474,-0.29678983744685905,0.8691873668330969,1541.6873777501692
user_0186,5147.043751515412,3516.8563396204772,0.3167230531924211,0.7421052451374481,2143.1454935117504
user_0187,3913.2519999999995,8672.056066814981,-1.0,0.8563051737072859,7200.242050859779
user_0188,3833.55,5778.056972006589,-0.5072340186006674,0.8355311407794929,2030.6540324982125
user_0189,2148.304,2242.9010408057256,-0.044033358782428166,0.8380131087226931,1121.1641027050307
user_0190,2823.266,3477.4516719338512,-0.23171237564361669,0.7611146747916163,2038.5656616635183
user_0191,2188.34,3028.242717314869,-0.383808145587463,0.7902681749855779,1888.2091686349572
user_0192,3717.550197314279,3159.014633712273,0.150242911045429,0.8142624481477608,1476.190359294388
user_0193,4109.837392313218,3216.450411872752,0.21737769531013582,0.8520519821908221,1875.5318159795147
user_0194,3429.334,10017.13967004549,-1.0,0.7988241763786483,3951.5029846843245
user_0195,6447.442971607196,6092.461417863359,0.0550577268084542,0.8403707112585063,2631.959455090981
user_0196,9008.633077836343,7371.523256981003,0.1817267732751897,0.8338698923874917,3497.9128182115423
user_0197,2523.3779999999997,3133.241145430814,-0.2416852114232645,0.8125653977268229,1541.0019928261604
user_0198,2797.366,4182.171021734683,-0.4950389122248153,0.7581135618584914,1554.2667644310266
user_0199,3925.84,4576.069723142207,-0.16562817719066675,0.8144159288064836,1672.2896108463879
user_0200,3560.53,5070.438864368169,-0.424068569670293,0.7709708923993633,2125.822008982184
user_0201,2097.858,3837.902587127878,-0.8294386879988435,0.8410105904504269,1455.16062751354
user_0202,9025.332345796976,4755.708284836301,0.47307111775767513,0.8322452853339638,1508.350998633205
user_0203,3939.9027157470546,4452.290385507905,-0.13005084306090414,0.8361712420745144,2186.4372215200833
user_0204,2313.482,3423.4864523804217,-0.47979817970506006,0.7717036525212834,1164.8280426979215
user_0205,2907.5119999999997,4245.7714963532435,-0.46027651695100275,0.8282134188262178,1873.3534912988903
user_0206,3430.7699999999995,6433.1530411358235,-0.8751338740678695,0.8057692175212099,3092.521803759381
user_0207,3738.4660000000003,7367.507279117597,-0.970730047863909,0.8205738954602017,4204.698339190687
user_0208,3064.432,3501.458253925877,-0.14261248215848074,0.7974516133529312,1913.7965453177342
user_0209,2357.412,3325.44986570489,-0.410635843757854,0.8391752602590171,1571.1908835406675
user_0210,2231.0860000000002,4883.084357720723,-1.0,0.7690818542365502,1593.8629245835675
user_0211,4099.870000000001,5635.819598683837,-0.37463373196804683,0.8364919494238741,2592.686690897649
user_0212,3416.6800000000003,4501.330379867605,-0.31745740890794716,0.8167579497884233,1516.8227366273136
user_0213,2839.884,4177.606781698691,-0.4710483884900547,0.8047920893750605,1804.520417629049
user_0214,2146.534,3929.1357321419773,-0.8304558568100842,0.8205002449144038,1989.4809924328756
user_0215,3673.672,4276.766857302516,-0.1641667675564165,0.8021460957074497,1721.3650416462597
user_0216,2715.252,5979.301225819038,-1.0,0.8241681658525054,2811.186235986802
user_0217,4697.831918071932,4461.908504235986,0.050219637047545326,0.8436308268933547,1620.5750972506462
user_0218,3842.496,5138.217877049826,-0.337208386697039,0.8660635671294465,2456.9420894820287
user_0219,3615.6620000000003,5265.938377316407,-0.45642440507890586,0.8493348169638656,1595.8253369797744
user_0220,2280.198,2598.3286425494252,-0.13951886746213504,0.8379481867707759,934.9033835803698
user_0221,3153.452,5924.154092889694,-0.8786251044536887,0.834624589865877,2607.6812762956088
user_0222,6216.692192796838,6014.0236442267615,0.03260070505097623,0.841591895601501,2212.3424129910554
user_0223,3189.582,7550.860013363294,-1.0,0.7896419332295885,3609.8179137602906
user_0224,2880.486,4721.248857818898,-0.6390459310751373,0.8059125786612049,1346.732876375224
user_0225,5110.377007343786,5324.463409595637,-0.04189248698172392,0.7767952624491616,2363.02762962153
user_0226,6848.884976672404,4494.678367859243,0.34373574922512057,0.8119329236084979,1435.0010986085128
user_0227,9469.477410402036,4716.605480870764,0.501914912887414,0.7885712693045935,2670.3128189439435
user_0228,4036.3940000000002,7922.753232065797,-0.9628295037763402,0.880235068263941,3442.4351064120146
user_0229,2098.3959999999997,2367.4145905798578,-0.1282020126705627,0.8298946024906593,802.2054771262192
user_0230,3076.27,3717.02344048523,-0.20828907751440215,0.7714005341457839,1166.9237598150721
user_0231,3122.5099999999998,4787.63010699526,-0.5332633384665734,0.8681861409723513,2830.081586533514
user_0232,7986.454518566728,5164.428765772143,0.3533515086367804,0.7651238571816072,1639.1127202088476
user_0233,2368.324,2939.2469625462154,-0.24106624032278326,0.82553098217975,1079.9775076694214
user_0234,6860.632952488306,5319.873626190209,0.22457976355363451,0.8444747994550246,1438.7068930427079
user_0235,6607.568950306877,4714.416801071839,0.2865126589631901,0.8162577620109401,548.3306736825729
user_0236,5108.210206994219,4922.41288392757,0.03637229392248846,0.8126453262549014,2105.5565145936694
user_0237,3986.5416100159455,3193.984724591218,0.19880813069490513,0.8162815885384448,1194.5125380972559
user_0238,4892.928806261017,5299.201703825044,-0.08303266073362005,0.8509700485725648,1755.0650988701527
user_0239,2133.798,3955.9325876854027,-0.8539395892607469,0.7713078169901553,1481.7510825016545
user_0240,2343.916,3343.0939690285218,-0.4262857410540828,0.8154686728613939,2345.6317739494243
user_0241,6945.959937711503,4545.755345856461,0.3455540506105829,0.8231252259069066,1086.1403109694013
user_0242,4055.2619999999997,4386.678153838373,-0.0817249671755791,0.7544500926378579,2385.1337981512047
user_0243,2055.306,2900.326100206102,-0.41114077427210455,0.7921874052161658,588.5054816683244
user_0244,3025.52,3525.819990120196,-0.16536000096518816,0.8131816103451524,1331.9659939198445
user_0245,2013.9279999999999,2753.890044780121,-0.367422293537863,0.8496851350232809,1569.183895152073
user_0246,8434.131113843032,3550.284061039536,0.5790575207904445,0.8489843285600054,1285.3436118993363
user_0247,3357.8239999999996,6604.95585522262,-0.9670345602457486,0.8324526851400036,2933.928186013622
user_0248,6488.372037915798,3964.2396846998463,0.3890239860577964,0.778341395771718,1338.1377596831753
user_0249,2761.1279999999997,5379.446630426483,-0.9482786130981555,0.8390880482678053,1821.8296252147202
user_0250,2986.23,5276.638837799492,-0.7669900971457295,0.835162342043339,2422.925507095522
user_0251,2002.098,4112.239881000289,-1.0,0.8291332426175481,2521.9362616810618
user_0252,3098.812,4582.540275449505,-0.4788055149681573,0.8113180759525702,2933.9670608449624
user_0253,3471.874,4967.039925241954,-0.4306509755947232,0.7950064766875836,1870.1185544746156
user_0254,7530.78814336358,6425.370115384141,0.1467864992263228,0.7777196579878433,3018.794626831001
user_0255,2223.118,3028.667861018298,-0.3623513736195281,0.8157489995791453,705.7040698334968
user_0256,3928.7940000000003,4402.076473261464,-0.12046507739053358,0.8497915140324493,1616.8771487805916
user_0257,1834.9720000000002,1972.6229027577888,-0.07501526059132704,0.846012518346052,1012.7392846182213
user_0258,3593.7240000000006,5280.196633135789,-0.4692827365528872,0.8246713100408584,2310.291053289546
user_0259,2339.1400000000003,3356.8346957363947,-0.4350721614509581,0.8407464647230907,1294.0535161615705
user_0260,3933.3520000000003,5801.2677239155,-0.47489157439138413,0.822508725103706,1806.5086502242423
user_0261,3300.774,6347.537102056466,-0.9230450500568855,0.8476931286750566,1948.1676011758632
user_0262,2788.2879999999996,4154.505468393687,-0.48998434465653745,0.8297014992999459,1514.0903627846317
user_0263,2121.016,2765.148992613567,-0.30369077489918356,0.7884861616480544,1221.0006401639628
user_0264,3196.95,3857.0122839369424,-0.20646625187661446,0.8233979797365384,2570.493677962838
user_0265,2708.556,6686.861828493691,-1.0,0.7550189814746476,2000.8510920398498
user_0266,8848.044999612543,5405.265145361185,0.38910062668104844,0.7688791469635217,3897.4246534882554
user_0267,4138.576,4343.293029992981,-0.04946557221444797,0.8235745861849647,1462.3536233540174
user_0268,2117.9219999999996,3945.2468098274076,-0.8627913633398248,0.8406284709313009,1737.5270520995853
user_0269,4057.29417603888,4972.526788344967,-0.22557708970455403,0.8360818229226649,2076.10811835603
user_0270,2919.212,5626.706146004821,-0.9274743136177916,0.8186065193205859,3025.127420154223
user_0271,3676.768,6896.628736192533,-0.8757312770869778,0.7751992570527712,4961.51469198299
user_0272,7442.008855632617,7626.995571678221,-0.024857094318772924,0.8145512912843401,4985.982098416232
user_0273,3851.656,4291.116563020545,-0.11409652446130837,0.8158898938447621,2112.7886803262495
user_0274,3014.73,6848.672931023268,-1.0,0.806199524964566,5027.876249468466
user_0275,3381.192,4101.0304101893535,-0.21289486376087294,0.7363294944717064,2153.317555268829
user_0276,5249.450127019234,4089.8741041545118,0.2208947594141937,0.8146666847026522,1950.6105931267755
user_0277,3312.44,5805.374965907509,-0.7525977726109784,0.7965179246183045,3528.4291718098275
user_0278,2627.91,5262.79069010738,-1.0,0.7874264574464921,2134.223144834353
user_0279,7623.679378553934,3253.042282989291,0.5732976006125889,0.7701660755288308,1393.2921023450967
user_0280,7788.340879403746,6371.018399986194,0.1819800264733737,0.8352977729102541,2186.788261256082
user_0281,3701.096,4867.577878867113,-0.3151720136054599,0.819137974426932,2456.2881896557155
user_0282,4577.828614490516,3569.9737841791925,0.2201600180314945,0.8583370185147539,1336.2161781842344
user_0283,3533.647073661034,5029.762626760479,-0.4233913353291943,0.7766000646157777,1656.8323145407217
user_0284,3100.6240000000003,5408.543952506638,-0.7443404787251331,0.8161176945553943,4261.819066176348
user_0285,3626.178,4274.186493383153,-0.17870289141436332,0.8317988368963563,1447.4478977061356
user_0286,2017.06,2853.1719085443874,-0.41452009783763866,0.8461284463587929,751.8707195333642
user_0287,5770.754628179881,3919.9028965874727,0.3207295840572197,0.8029649184135185,1156.5749176168265
user_0288,2087.496,2643.1177736547193,-0.26616662913592126,0.7924060799386493,952.03514713931
user_0289,1801.2720000000002,2975.583606956431,-0.6519346367214007,0.834152358470809,704.5260373790295
user_0290,2546.7239999999997,4764.378344668415,-0.8707870757366779,0.8468585024412348,3217.2102761696356
user_0291,6151.910626708291,4365.629646359674,0.290361984875649,0.8436060648045753,1645.0024699637422
user_0292,2564.958,3611.710135338771,-0.40809718339979484,0.7955655938732009,1345.6007988668048
user_0293,3135.84418896445,2138.524007047728,0.3180388188375096,0.8293480929973672,871.656369349292
user_0294,3940.2619999999997,5724.957771087413,-0.4529383505684173,0.8449472404365802,2931.5859935193057
user_0295,2089.054,3677.801946192673,-0.7605107125965498,0.8003344015707831,1763.6172233998127
user_0296,2533.056,3595.9369950911796,-0.41960422315621115,0.7788486194605911,1357.6917839061935
user_0297,4927.5419999999995,5514.857126262069,-0.11919028315985324,0.7873774999966318,1274.9872263324194
user_0298,2151.958,3506.4671800235956,-0.629431048386444,0.8189229607985574,1581.1173457845514
user_0299,3628.0799999999995,6600.016387480483,-0.8191485269014145,0.8499864330824848,1218.234416416967
user_0300,8707.21878917141,6885.294656473881,0.2092429485019182,0.8235015948963283,2495.7984085218163
user_0301,2166.8360000000002,3396.678915111001,-0.5675754487700041,0.8105443230855154,1313.1421159982604
user_0302,11506.873966307307,3962.2375965259357,0.6556634227395239,0.8537626749345217,1718.532685943972
user_0303,2903.528,4524.122222153726,-0.5581465796623027,0.7741012721169704,1419.6377749760795
user_0304,3196.014,6105.83089194763,-0.9104518603321606,0.8161667388651446,3952.984086119648
user_0305,2374.1459999999997,2859.5225002477005,-0.20444256597854588,0.8332374020507257,783.8308079392026
user_0306,3456.7419999999997,6929.843694628066,-1.0,0.8071735875264234,2808.9584210609755
user_0307,2969.6580000000004,4241.236342718464,-0.4281901628801913,0.8137128497938669,1504.759421211364
user_0308,4799.044808762832,2767.98309761777,0.4232220769092295,0.779724148879227,928.6887243651489
user_0309,5352.926460244615,5037.76141570497,0.05887714820674787,0.8311289371379157,1623.5306973751153
user_0310,7980.222864925713,6252.670567851815,0.21647920444261678,0.8338694758663339,2359.237168937913
user_0311,2340.352,3405.4034548889927,-0.4550817376569819,0.8062664240987324,1901.3134009545865
user_0312,3058.218,3134.611182954866,-0.024979639435405196,0.7995076833166234,1311.8451295707707
user_0313,4111.378,6574.253338497918,-0.5990388960825102,0.8445152144462045,1705.1619296387344
user_0314,3557.3119999999994,4363.504595537279,-0.22662971241692592,0.762767944376036,1429.640757422117
user_0315,3868.7660000000005,4699.969336638688,-0.21484973157815376,0.7645346969173966,2084.711678856018
user_0316,3739.228,7943.73483208588,-1.0,0.8209209737486133,2807.3975057613784
user_0317,7114.3833318640145,5520.498643180424,0.22403694239314803,0.7862070369362865,3673.0472473002424
user_0318,3624.19,4237.772662542258,-0.16930201301318593,0.8223952615783086,1527.8015374157333
user_0319,2709.3379999999997,3256.469226218561,-0.20194277207884773,0.7404405062788739,1293.8481949630827
user_0320,3169.23,3984.213451528117,-0.25715503498582204,0.7948532032982812,1382.394558310493
user_0321,4749.103388896803,5978.135029180397,-0.2587923529222414,0.7866339205041161,1476.466084754181
user_0322,4465.329485840486,3123.921314692246,0.3004051941523759,0.8068533639956096,1631.0536166270476
user_0323,2790.666,4204.411251220244,-0.5065977982389306,0.7024315852486015,2510.91550304373
user_0324,2685.7380000000003,4389.13233130596,-0.6342369699896117,0.8149767166259299,1359.2648240813696
user_0325,2260.728,3268.6054210959646,-0.4458198514354511,0.8337046010061465,1266.7019479769842
user_0326,3341.518,4307.0569133748895,-0.2889521808276626,0.8414262590636786,2794.4847793770227
user_0327,2341.7619999999997,3325.4966003453083,-0.42008308288601004,0.8196849229216263,1695.5740243497692
user_0328,2690.052,2518.4704523557293,0.06378372895552607,0.8270213456819466,1019.9974327774469
user_0329,4520.280659423149,3208.2963307608234,0.2902439975551768,0.828593341963947,1234.5698175187367
user_0330,2654.53,2054.87177849757,0.22589996025753334,0.7921761286772938,513.2143032146658
user_0331,3328.256,5615.359504780477,-0.6871777605990879,0.8380383384047264,1864.926628767792
user_0332,2833.822,3833.0934763370874,-0.3526232333354343,0.7979161492648997,1582.021213212618
user_0333,3484.478,3399.909277747389,0.024270126616558124,0.8289748925821002,1209.127364979698
user_0334,3280.7160000000003,4710.778068370614,-0.435899379394807,0.8422650857532612,732.074177338152
user_0335,3481.406,4326.975331195927,-0.242881563137401,0.7855034224989135,1313.0143401704547
user_0336,2437.1040000000003,3348.1529235640583,-0.3738243930353641,0.8116797288575286,1116.027353131714
user_0337,3470.0860000000002,4730.672662725561,-0.36327245570442945,0.8376954815058247,1796.9974467207687
user_0338,2823.0739999999996,3376.7062350194005,-0.19610971409867436,0.8422815417801476,1471.5354514456324
user_0339,7044.910406140143,5622.952237954216,0.20184190943671745,0.7847981952483783,2194.5913383232237
user_0340,2580.172,3556.2852644572536,-0.3783132537122539,0.8199005272211047,2425.547215138945
user_0341,5121.808,6158.492919204049,-0.20240604864611267,0.7964285023502267,2985.0293318187
user_0342,3089.544,3850.637918639831,-0.24634506536881526,0.8447884324197548,1447.24519953086
user_0343,2304.12,2803.366756537178,-0.2166756751111826,0.8317176411760896,1380.6415452400533
user_0344,4816.780920544642,4896.682502639972,-0.01658817027665344,0.8560188630110064,1102.8017699390045
user_0345,3318.886,3747.447708464338,-0.12912817989660932,0.8492075604276441,1587.0121606273433
user_0346,2062.162,2031.0496611885592,0.015087242811884142,0.8287069699634925,1000.6470537649429
user_0347,5618.531682490133,4959.227491521184,0.11734457118460985,0.770709746351475,2260.2923763050235
user_0348,4105.596,8465.540943252741,-1.0,0.838159763229493,4249.890177938274
user_0349,3105.688,4187.841316102441,-0.34844237930611216,0.8140271013640028,1932.408507504183
user_0350,2639.766,3088.282626172206,-0.16990772143144736,0.8505458849471381,943.2764795515999
user_0351,3760.624,3967.0220787132907,-0.05488399763265111,0.8111572703742591,2040.996562265883
user_0352,6378.89872552672,5682.347891347418,0.10919609546266722,0.8519940643884478,2215.7048182677713
user_0353,2824.71,4317.805353010698,-0.5285835901776459,0.8125571874916554,1262.8047177278145
user_0354,3207.7740000000003,4790.602873911729,-0.49343528375494305,0.8071303744137399,1724.032944121117
user_0355,2468.906,3071.491825103706,-0.24406997475955186,0.7795833415395245,447.74091028471145
user_0356,3642.964,6802.688671745414,-0.8673499578215469,0.7914336522007057,3673.4787330366607
user_0357,3102.224,6548.136317132774,-1.0,0.8514674744791426,2683.123847520371
user_0358,4201.636,5750.091892393853,-0.36853642066896153,0.826656563136852,2671.402672429913
user_0359,7806.739259236574,5928.645102971935,0.24057344480188256,0.7399665843514394,2762.8594550456846
user_0360,5884.610265698669,3723.8782615292716,0.36718353580088064,0.7603294007021985,1713.835667997632
user_0361,2650.382,3836.964173895266,-0.44770232136170024,0.8326536306731773,1778.7891946481361
user_0362,4110.2,7051.152504659464,-0.7155254013574679,0.7628526372571337,1661.521887155262
user_0363,3899.34,6751.079196643525,-0.731338943678552,0.7496880137150023,2184.574097602024
user_0364,6132.260768402581,3732.8323905693032,0.3912795734644394,0.7555063902232072,2467.216211992126
user_0365,2715.398,5086.687611111911,-0.8732751556537608,0.8164532418449342,1882.9277860609604
user_0366,3073.152,3825.3937023752214,-0.24477855386756703,0.8298099357470682,1875.2118716420769
user_0367,2800.186,4234.370456877309,-0.5121747115646278,0.7976544519778002,977.3214417144848
user_0368,3781.5519999999997,5209.418885028836,-0.3775875315290748,0.8223581689266952,1461.91244658386
user_0369,2554.632,4725.028638436403,-0.8495926765328244,0.8147133990561405,1928.785465876377
user_0370,3609.4559999999997,5234.464573420034,-0.45020872215093755,0.775763558921022,1977.3109650417202
user_0371,3399.3380000000006,6075.432244170329,-0.7872398226273256,0.8283661037385658,2861.6712789564713
user_0372,4208.222747464867,3498.741621696014,0.16859400472474068,0.848292884302013,1076.9039636717853
user_0373,3746.189405880074,2481.501121859496,0.3375932573071465,0.7309866179338598,749.4486261816481
user_0374,3440.432,4737.700272816894,-0.377065517591074,0.8699869153526536,2158.3985734533057
user_0375,3603.238,7697.103606949322,-1.0,0.7802136060890386,2014.0275695705586
user_0376,3314.932,3928.5282477099927,-0.18510070424068817,0.7665485849267714,1545.1200800739898
user_0377,3474.1699999999996,7396.133884907287,-1.0,0.7929099182308432,1561.5642392760953
user_0378,2209.818,2767.9708058150927,-0.2525786312787263,0.8180899639292657,989.9825025995051
user_0379,3191.44,5743.487028512287,-0.7996537702454963,0.8608818748963982,1576.1751672929352
user_0380,2746.45,5797.121082118237,-1.0,0.8092371572567164,3705.1988162412945
user_0381,2471.38,4115.803406082112,-0.6653867094830062,0.843070735826318,2353.316485297636
user_0382,2417.832,4692.095689922736,-0.9406210563524414,0.8748930196891588,2826.5423316604247
user_0383,2685.074,4343.119856548108,-0.617504715530413,0.8344948661955256,2439.2016809699817
user_0384,2718.096,3194.794554338841,-0.17537958715911467,0.8257707771527822,1492.1088814311554
user_0385,4862.333734892198,3624.1085316603253,0.2546565642638524,0.8039953195268222,1641.1288434710111
user_0386,2476.986,3948.4435249554576,-0.5940516114969797,0.8235568699166447,2671.90961651585
user_0387,7231.777361783502,4241.0631717207525,0.4135517508969854,0.8527833703056644,1786.5617605414056
user_0388,3383.454,3386.645327463283,-0.0009432158567200735,0.8253167313852108,996.5182906699758
user_0389,3553.392,6038.291924870212,-0.6993036301286805,0.8323839666631452,2225.6890167208317
user_0390,4470.161058403401,3505.633802601784,0.21577013516960733,0.7977059616654824,1473.607938414466
user_0391,1662.53,3528.318179281438,-1.0,0.8191164236379901,1850.490624348867
user_0392,2083.822,2119.1427277182684,-0.016949973518980144,0.8344261336394563,1065.4610360566742
user_0393,3504.8059999999996,5165.382320854069,-0.4737997825996844,0.8231695657591455,2064.4512762861564
user_0394,2701.952,3510.927407548114,-0.29940406326541463,0.8320574087031867,1923.0824464107225
user_0395,2217.894,2908.0026080875796,-0.3111549100577304,0.8311983564156925,1090.4630262924934
user_0396,3868.908690974381,2932.872614582643,0.24193801176424198,0.8288947165639474,1405.1254190243933
user_0397,3703.172,3394.0648413249446,0.08347091592695544,0.8245321595393448,817.6411555336559
user_0398,3765.082,5691.0547087931745,-0.5115353951901114,0.7335787706328386,2381.8132619203247
user_0399,3894.892,7818.73135906847,-1.0,0.8355348636079297,2859.3138744185208
user_0400,3139.892,7370.966649614247,-1.0,0.8444957767706351,2685.7466989656737
user_0401,6401.486289569288,9450.071079529716,-0.47623077705061323,0.8612868793161191,5991.716833377063
user_0402,8155.617983869958,4344.006217141026,0.4673602631054412,0.7423638305028012,2214.89883148937
user_0403,3204.732,4045.3771077719816,-0.26231369979517216,0.8238744738763808,1843.5504537430174
user_0404,2374.038,4233.653858640604,-0.7833134341744337,0.8146841007107777,957.2188049028094
user_0405,2962.178,3673.035422685799,-0.23997795631653435,0.8177459819848388,1379.9127534814893
user_0406,1912.9260000000002,3053.195543931075,-0.596086594008903,0.8395063831771516,2000.711822145475
user_0407,3311.5,4217.123664834792,-0.2734783828581586,0.8158471769060185,1984.1944977616508
user_0408,2200.02,3072.2722767170053,-0.3964747032831544,0.8118260940724871,1557.8868645443354
user_0409,2087.568,3041.299601646743,-0.45686253173393293,0.7751921262805215,1316.1036975314403
user_0410,3053.392,5638.31820920533,-0.8465752871578004,0.7937696823740943,1248.5056975612847
user_0411,9266.000418849188,7973.010051938645,0.13954136719876475,0.8671315961313324,4360.765746986215
user_0412,2201.864,3645.1985437335015,-0.6555057640860206,0.7909396254301295,2670.4621072647847
user_0413,3518.3160000000003,7612.771979393695,-1.0,0.838753970910806,3538.0225307583614
user_0414,3360.576,4678.926493050841,-0.3922989669184213,0.8117824139223689,1492.8456189767303
user_0415,2245.252,2782.6325312427916,-0.23934085405236993,0.8476169543372343,824.7956007192815
user_0416,2476.04,3732.5026944887613,-0.5074484638732659,0.8369886593952437,1326.142267143006
user_0417,2186.4919999999997,3543.647082298886,-0.6206997703622452,0.7909361544430265,1022.4633744935439
user_0418,3373.246,5109.727590507449,-0.514780597237038,0.7691860874480123,1855.3197756093136
user_0419,3834.068,5202.998956093912,-0.3570439950710086,0.7547025321021339,2948.1322489632284
user_0420,2368.862,5127.11374225797,-1.0,0.8296924931742375,3686.752506410012
user_0421,2790.678,4315.53443450938,-0.5464107412282535,0.8369113076404561,2634.8072966311497
user_0422,6905.2871037447085,8005.103477532446,-0.15927163596011984,0.8276373319168049,1795.0542534112656
user_0423,9228.699450683263,5776.171982582606,0.37410769378181924,0.8388706439543336,2531.879612838606
user_0424,3956.972,8513.693481907132,-1.0,0.841493360749756,3919.759132327283
user_0425,5750.963636118841,5009.891138810186,0.12886057784374788,0.8478365445069409,2730.9502532553074
user_0426,1859.716,3347.6997600030363,-0.80011343667691,0.8040939088953113,1520.3002929871204
user_0427,3451.5699999999997,3941.3822211527577,-0.14190997753276277,0.8285089975213239,1362.8447103301537
user_0428,3633.1800000000003,5229.329126383597,-0.43932563935274244,0.8094807079482385,2905.126739270969
user_0429,2547.6040000000003,4789.805352926568,-0.8801216173811031,0.7877365872102212,1945.2056155148211
user_0430,7039.656933190442,4605.971439508309,0.3457108090321615,0.794543306577153,2232.6839849408902
user_0431,2568.388,3141.8695993330366,-0.22328464364926043,0.8201926847907495,1186.837974273074
user_0432,3547.424,4470.19879538243,-0.2601253178031242,0.8134827385518663,1339.6344809300654
user_0433,3904.476,8260.80363762347,-1.0,0.8547140298724436,4100.878042192428
user_0434,2435.206,3313.472167723562,-0.36065374663316446,0.792724480040885,2126.189529781192
user_0435,4721.128284973133,3689.8921729820504,0.21843001285802838,0.8265044299326636,2769.3602323924288
user_0436,2661.1800000000003,3926.07767087701,-0.4753145863402737,0.8048157760232122,1847.893090518521
user_0437,3326.6880000000006,3872.905206066995,-0.16419249598008423,0.7720731339509049,1400.4679050062725
user_0438,2184.166,4158.0995373037695,-0.9037470308134863,0.8196073320167867,1366.9595317554429
user_0439,8464.738058318298,4225.193249491289,0.5008477261338062,0.8108318012123442,1329.035256121505
user_0440,4498.294,4504.176125873105,-0.0013076348218024425,0.8466496101309338,2082.1626627483347
user_0441,2579.472,4042.717192979509,-0.5672653911263656,0.807305429167258,872.4929307155999
user_0442,2537.35,4680.8816418241595,-0.8447914721359527,0.8326300711142033,2122.3832940496786
user_0443,9106.039456624105,6768.885572390781,0.2566597581051752,0.843761267641368,2769.811152912217
user_0444,3031.35,4955.3332020083435,-0.6346951694816975,0.8253434738800477,1615.1571816061562
user_0445,3283.226,3680.218172736012,-0.12091527440877112,0.8616355193198314,1523.7322204941827
user_0446,1725.19,2324.6630987960707,-0.3474823635634745,0.8010887063134157,847.3035943960981
user_0447,3874.608,4573.614405326931,-0.1804069999666884,0.800334264822463,1748.0487237824302
user_0448,6850.817860001606,4302.8790459296415,0.37191746535082565,0.7952638355445117,917.8672456815341
user_0449,3649.62,6063.739731978055,-0.6614715318246982,0.782881880635083,3588.504431754882
user_0450,2709.282,4571.391513848849,-0.687307380275973,0.8337027899943625,1665.0385481544656
user_0451,3375.654,5794.045496420802,-0.7164216167950869,0.8144478609358115,1986.3283391861462
user_0452,2564.192,3207.1255195268036,-0.25073532696724876,0.7893950503738029,1995.3688320523966
user_0453,4432.112,4156.3916702226,0.06220969365787696,0.7930152903262878,1939.1108190895568
user_0454,2293.194,3623.274869505879,-0.5800123624542359,0.7876315930627754,1382.7887073630934
user_0455,1645.0099999999998,2500.8543118856105,-0.5202669356937714,0.8132630461040615,1212.832517786639
user_0456,2725.514,4227.157288655118,-0.5509578335151158,0.8164247461832408,1468.731188895157
user_0457,2708.674,6091.756491745311,-1.0,0.7909527977872267,2075.9981711958967
user_0458,3214.846,5145.72232118033,-0.6006123842884947,0.8445179666097513,2977.0652501364116
user_0459,4811.113980755189,3918.723210359928,0.1854852688930027,0.8049143221688462,739.0706397577898
user_0460,2253.114,3536.4633120480853,-0.5695891606230689,0.8380808476570132,453.75052082223124
user_0461,2163.698,3290.6846513850905,-0.5208613454304116,0.8371481752970661,1526.3151576602759
user_0462,2475.828,3795.80956527899,-0.5331475228808261,0.8321367739822877,1696.322015534167
user_0463,2382.8959999999997,3192.131087576634,-0.33960151327486987,0.813612795965641,1090.6624339550353
user_0464,3728.8559999999998,4642.700554125688,-0.24507370467663217,0.8166823085521373,1766.376607335182
user_0465,6935.953026972277,3474.5148933066725,0.49905732063133823,0.7621526205464401,1181.3296547488394
user_0466,2493.892,3146.3488329164256,-0.26162192786071964,0.8557996142877762,1105.2709872266691
user_0467,3535.3239999999996,3818.1904835598484,-0.08001147378849827,0.7759022840956071,1835.6673096962988
user_0468,3568.2232959274575,3761.895895435418,-0.05427704026511067,0.855526570881597,2313.239616062095
user_0469,2406.976,3666.8734314039802,-0.5234358096648991,0.8375028954739008,1457.0527825496417
user_0470,2360.3,4491.598718679974,-0.9029778920815038,0.8387384881495225,1421.6306882125573
user_0471,3127.37,5447.530176868841,-0.7418886082775117,0.7798909489006463,2961.2556023269485
user_0472,3603.2160000000003,5910.798709931275,-0.6404230859130494,0.8133425410469737,2631.6466718012994
user_0473,5390.729176896302,3587.309867644418,0.33454088492907713,0.8341510077952403,1058.1718878779939
user_0474,4979.036575657656,2499.3156678845808,0.4980322739335453,0.7951232490343549,628.6526276741296
user_0475,5091.220998527085,4688.805534926212,0.07904105198287273,0.8544055634393584,2052.896794604262
user_0476,3201.3920000000003,3491.417825924552,-0.0905936623582965,0.827831548680135,1098.116540710819
user_0477,3845.15,10418.195207329129,-1.0,0.7904844172246801,3739.4385525270454
user_0478,3058.004,4044.9506035057275,-0.32274209043079327,0.7421849214191136,1691.661417986994
user_0479,2618.882,3599.511482262192,-0.37444584454824315,0.8675159108812467,1956.2304067048533
user_0480,2119.966,3517.51299855691,-0.6592308549084798,0.8287635936814726,1411.4587920306578
user_0481,3371.4620000000004,4924.587776922898,-0.460668332291124,0.8301283197915272,2293.729178704097
user_0482,3416.442,4706.547809940377,-0.37761677497828944,0.8302413352293092,1020.8323195177887
user_0483,4001.618,5186.332834427288,-0.29605895276043037,0.7989181474908562,2426.165328473149
user_0484,2449.404,3625.6304358435655,-0.4802092410413168,0.8407438449678017,1754.2183082227355
user_0485,2690.778,4731.145327775019,-0.7582815556597456,0.8238030256569269,1682.4084489343165
user_0486,4066.166,4116.745752793166,-0.012439175575509073,0.8067748861811973,1621.7198378464532
user_0487,8227.756909648077,8461.60757187583,-0.028422164727975076,0.8331855988344915,4718.670296538163
user_0488,4084.439675587154,3495.520591001748,0.14418601604166098,0.8353953089078535,2017.9621540750697
user_0489,2287.31,2823.444627086911,-0.23439526215812953,0.7740008980156565,1132.9971124259666
user_0490,3245.39,6185.6232052904,-0.9059722268480521,0.8166469557847155,1713.95962048768
user_0491,3219.1,6596.447488692023,-1.0,0.8624955873095644,4041.5842587194866
user_0492,4253.212,5033.271016156337,-0.18340468712971203,0.7452822481258786,2382.6407458902213
user_0493,3816.006,4294.996124930158,-0.12552132384754058,0.788617500658788,2129.7396873816215
user_0494,5301.607926810877,4644.838561483181,0.12388116480781858,0.8540935296180467,1829.0731006379679
user_0495,7204.038686895445,4317.88435815709,0.40063004297692534,0.832416206814106,1632.7429676853897
user_0496,3514.7940000000003,4873.454836034161,-0.3865548979639094,0.8324345464160694,3682.2282323540503
user_0497,4404.278,7307.122715117291,-0.6590966135918964,0.8274199122566555,2478.014674882966
user_0498,3093.2799999999997,4745.225769525166,-0.5340434003792628,0.8369975030913046,2412.173645163894
user_0499,2079.7439999999997,2351.3739573029684,-0.13060740038339755,0.8137084588779046,959.2663885960038
user_0500,5677.188150936136,2985.3342723931214,0.4741526627225034,0.7983114730448329,1603.8606690165664
