user_id,media_renda,media_gasto,taxa_poupanca,pct_gastos_essenciais,std_gasto,cluster
user_0001,11614.32264520049,3834.969272478125,0.6698068936406817,0.797839218193211,1769.4570000943538,3
user_0002,3615.436,7084.610157099638,-0.9595451716195884,0.8007459066587741,3574.8383076435807,2
user_0003,6055.769376272927,3473.659978725899,0.4263883310457586,0.8436641827756214,1557.497464135445,3
user_0004,2765.23,3815.7431790442943,-0.3799008324964991,0.7986414813171262,1623.2446343918305,1
user_0005,6475.678303163232,6118.832497148885,0.0551055486866967,0.8579955772753295,2422.9590283115344,3
user_0006,2178.502,2407.1540905056663,-0.1049584028408816,0.8132419677200174,856.2984035279121,1
user_0007,4545.685277128111,3868.950083065446,0.1488741856959827,0.8075705025875598,1680.198050187819,1
user_0008,4023.312,6049.135772939992,-0.5035214203969245,0.7863297964545028,2649.794860534507,2
user_0009,2083.7,2276.0647095137824,-0.0923188124556234,0.8200752543487841,1021.161478096128,1
user_0010,3110.2760000000003,4518.163954199035,-0.4526569199000458,0.8223465242850059,1882.5196528605777,1
user_0011,1991.772,3799.668684285889,-0.9076825481460168,0.7360780576379928,1700.6518681822197,0
user_0012,2234.46,2866.0445334345995,-0.2826564509700776,0.8231904894207215,756.6618065332027,1
user_0013,3451.132,6661.728861820724,-0.930302538941056,0.7726975075331637,1809.579577032318,0
user_0014,8785.656337926252,4360.00758953444,0.5037357003468261,0.8211191706897484,2000.3366051204457,3
user_0015,2055.314,2723.0905991581126,-0.3249024719133489,0.8069030794912437,961.6567467753068,1
user_0016,3550.814,5022.978957600431,-0.4145992883886429,0.8385461315311812,2441.705610817446,1
user_0017,3588.402,5228.922572885878,-0.4571730182086285,0.8385620300189957,1519.3138115578436,1
user_0018,3793.058,4763.080667223247,-0.2557363128175858,0.8264321718080854,2771.3310049672305,1
user_0019,2651.415543182713,2664.081204186546,-0.0047769430319586,0.8443530927854687,1361.9226019609582,1
user_0020,2600.452,4068.151141131761,-0.5644015506272607,0.7550775816511237,2333.861300002211,0
user_0021,4559.4433889901375,3072.07916910776,0.3262161832020927,0.7508946307675226,1543.5716618790632,0
user_0022,2648.046,2298.27086588423,0.1320880128652485,0.7766674343561106,847.2186049576806,0
user_0023,6805.895871075749,7132.842982877308,-0.0480388060580012,0.8539249895797855,3188.916225545701,3
user_0024,8629.321938737558,5433.694830820188,0.3703219245502943,0.8427676871866504,2143.266915838155,3
user_0025,3867.536,4745.284290658592,-0.2269528430138961,0.8236107204567573,2378.748262560087,1
user_0026,6219.1376997229245,4012.994270227194,0.3547346169218954,0.8348938584548519,1726.8424262699225,3
user_0027,2244.984,3052.326323816421,-0.3596205246079353,0.8168617994310383,1595.611292473842,1
user_0028,3826.222,5849.159305956951,-0.5287035895870524,0.7808866088661621,2348.543703667861,0
user_0029,3866.8759999999993,5993.302801492517,-0.5499081950113005,0.8320503824316146,2827.9214696534223,2
user_0030,3061.493158593659,1739.883661843156,0.4316878817908589,0.8321635626839666,1176.8073376069726,1
user_0031,2892.838,4724.728634670028,-0.6332503357153173,0.8325920709095429,2777.2620938505106,2
user_0032,3841.77,4039.089757291945,-0.0513616789375588,0.8166591261227136,1777.7204312653537,1
user_0033,3999.558,5793.753898957376,-0.448598544878553,0.8124012404098013,2754.778660267909,2
user_0034,3277.51,4627.222672081531,-0.411810390229635,0.7901203962019997,1783.7564962317772,0
user_0035,8419.680362324316,6718.291090955712,0.2020729051641721,0.7856038248675935,3396.094049676027,3
user_0036,6916.96822170776,5767.662430134861,0.1661574485720481,0.8445882355127245,2151.372150642602,3
user_0037,3993.042805953653,4663.77740940819,-0.1679758109415876,0.8152895810694405,2074.6732741020555,1
user_0038,4909.442,7015.322704570268,-0.4289450215666603,0.7850273380868503,2975.5365517218734,2
user_0039,2779.662,4746.0619470032425,-0.7074241209914165,0.7956581714802392,2768.048723688361,2
user_0040,8903.48524173935,7167.066159863874,0.1950268950562393,0.7716084804715528,2027.0097420891027,3
user_0041,3975.199492432548,2290.2766718705598,0.4238586827578135,0.8196361657477383,714.1939898269951,1
user_0042,3225.74,4701.523303338511,-0.4575022485812591,0.7818426898034423,1860.59956777903,0
user_0043,3796.872,3844.500197916285,-0.0125440620374571,0.8072808893344947,1551.8778746432224,1
user_0044,3791.268,7368.83237356557,-0.9436326773959453,0.8228142366288388,2088.345924210077,2
user_0045,2876.794,5780.372067738523,-1.0,0.8183563824919798,2289.280082727242,2
user_0046,4780.882568772389,3075.9819684002914,0.3566079224593616,0.8088017468095855,1685.9156564012949,1
user_0047,3951.456,7489.535659207047,-0.8953863232203644,0.776547414715986,3261.822158643153,2
user_0048,3450.364,3616.800515838505,-0.0482373789659597,0.7951519435780682,1717.4559287486602,1
user_0049,4389.507587540753,4550.579283884981,-0.0366947073520083,0.8592356139320995,1926.1893965937795,1
user_0050,5038.320924731239,4642.418459190292,0.0785782548304156,0.7543912494754823,2668.533695260992,0
user_0051,3200.29,4305.495401935355,-0.345345391178723,0.8062539563559081,2054.873275627043,1
user_0052,3418.436,6123.210345423244,-0.7912315296887944,0.8401319098255566,1559.6762899469206,2
user_0053,3905.768,3436.852330819522,0.1200572254113601,0.8402467390275514,1359.9534831732876,1
user_0054,3436.612,5457.893671189928,-0.5881611515032621,0.7927776151057443,2730.816391524712,2
user_0055,2226.12,4887.557711222424,-1.0,0.7692680132844533,1420.8103724522148,0
user_0056,5358.660991278604,5843.160571960205,-0.0904142996674242,0.7930003049290517,3167.3796288592366,3
user_0057,2705.236,5277.7891298144605,-0.9509533104743766,0.845915649929233,3113.935196477326,2
user_0058,3869.99,5097.156269699163,-0.3170980466872428,0.7835301973336364,1617.1947071274296,0
user_0059,3894.158,9141.900562063229,-1.0,0.8381798937092265,3236.917713103795,2
user_0060,2864.9880000000003,3531.5847146132555,-0.2326699848701827,0.8329422376851429,1379.1902806306773,1
user_0061,3964.24646117996,3239.6360614901905,0.1827864152205332,0.8090023505641004,1790.353750242878,1
user_0062,2254.668,2596.9346631375183,-0.1518035751327992,0.7773166878341483,1328.1147988801858,0
user_0063,2172.34,2787.847653673597,-0.2833385444606263,0.7823792430266256,1272.5693565096374,0
user_0064,2710.138,7627.928196475128,-1.0,0.8184587317224746,2683.8971944021146,2
user_0065,3521.394,6905.393992315326,-0.9609830630469992,0.8584856995723211,1788.2065254691645,2
user_0066,2943.476,3332.056995208163,-0.1320143242914714,0.8033428142295684,854.5011946589237,1
user_0067,4202.62,6681.713416339354,-0.5898923567534905,0.8105954514818166,3736.39529398351,2
user_0068,6331.121363184159,6333.231784398262,-0.0003333408243245,0.808139067180192,1090.217687660992,3
user_0069,8736.975123306423,5439.903470681818,0.3773699256427389,0.7972281446151085,877.3286658000341,3
user_0070,3595.0840000000003,7356.136060985581,-1.0,0.8408101273760686,3879.58007627233,2
user_0071,2704.072,3825.246285852239,-0.4146244204489519,0.8399064648602909,2590.236282804908,1
user_0072,6678.218820401124,7229.468546655773,-0.0825444240567036,0.8537678724815828,3893.6656291627983,3
user_0073,3811.268,8808.264443302598,-1.0,0.8129942909688757,3979.094315118174,2
user_0074,4381.048000000001,4442.794467003468,-0.0140939946340389,0.8197796441076338,2663.625353452163,1
user_0075,3226.4880000000003,5807.836804709102,-0.8000490950870114,0.8407524291798343,2825.2740278704,2
user_0076,3783.65470666222,4288.106213402023,-0.1333238748904783,0.8066828699658538,1560.279725854695,1
user_0077,3952.524,6834.626989357023,-0.7291803893808164,0.8567662734020767,2957.342950900488,2
user_0078,3690.722,5187.805643476689,-0.4056343564962867,0.8449366679586595,2196.751427613551,1
user_0079,3493.606,5835.629208182659,-0.6703741658855231,0.8400948218290265,1016.4010095707775,1
user_0080,3017.196,3627.445558549304,-0.2022571813529197,0.8116350626823945,2208.9012535059423,1
user_0081,2299.894,3178.9726696382613,-0.3822257328547581,0.8277277939546667,1183.168546435077,1
user_0082,5977.486344510287,4886.184874378132,0.1825686262143291,0.7739410373165494,1489.306135512442,3
user_0083,2016.6300000000003,3213.114275121537,-0.5933087750958466,0.7758957779153298,1654.89810902109,0
user_0084,2423.744,3009.1094808077114,-0.2415129158886876,0.8300516923828568,1220.820602926688,1
user_0085,2271.094,2593.9147062230613,-0.1421432605709236,0.7742243908002595,901.9902279077572,0
user_0086,2044.628,2254.2114527095664,-0.1025044422308441,0.8200622635647411,1885.468892200449,1
user_0087,2269.438,2868.857030115172,-0.2641266384519742,0.811194439126441,1316.8344333623093,1
user_0088,3583.3660000000004,6240.644241713146,-0.741559260682036,0.8336838701194845,1545.026835020987,2
user_0089,3600.186,4649.220687033265,-0.291383469363323,0.8182206825985499,2050.16504025187,1
user_0090,4686.308691475027,3375.974777691196,0.2796089630560381,0.7913134399828121,959.0045255027557,1
user_0091,3054.262,3386.5710760391244,-0.1088017583426453,0.8325821010610208,1733.3583159154314,1
user_0092,2693.206,3652.510082124651,-0.356194098084087,0.8433545611912653,1217.2254793784757,1
user_0093,3236.056,5801.184850468542,-0.7926713414318365,0.7772709018858962,4506.75245807769,2
user_0094,5661.035063738741,4287.883558223692,0.242561914924472,0.7730330554232456,1776.20727163866,3
user_0095,2654.92,3906.378908470456,-0.4713734909038524,0.7771779869851907,2047.8792895806173,0
user_0096,2300.252,2089.7306643319803,0.0915209879908895,0.8014022121645915,607.1831970561071,1
user_0097,2810.796,3218.647588296849,-0.1451018104113031,0.8297107913424467,1388.0531119182886,1
user_0098,2552.928,4971.9514488044415,-0.9475486378011608,0.8547043651957514,2741.8819373732726,2
user_0099,3626.216,4478.902811176074,-0.2351450689026999,0.7968557510547284,1600.546066246091,0
user_0100,3179.028,2760.807654977828,0.1315560432377984,0.8168835568078548,1363.7290641409277,1
user_0101,2608.392,4356.972565705548,-0.6703672476014142,0.7657476716623227,2157.8521223264497,0
user_0102,3334.51,5192.80364723376,-0.5572913703164064,0.850072751987399,2574.421538275459,2
user_0103,4136.118,6537.458977615128,-0.5805784500382066,0.8023726558437688,2028.9442200130052,2
user_0104,3511.0199999999995,4930.111279051484,-0.404182055086979,0.8377645546246155,1462.1391288804753,1
user_0105,2310.246,3906.178322779214,-0.6908062270334907,0.8509440677902202,1435.826592895769,1
user_0106,3655.9,5389.255357474025,-0.474125484141805,0.828625456324529,1926.6863966174124,1
user_0107,2800.26,3101.807528215835,-0.1076855464192023,0.8044242944950031,593.9331626096621,1
user_0108,3905.202,5155.8366150948,-0.3202483802617125,0.7507207318866052,2587.928233671402,0
user_0109,4356.106,5504.01460149002,-0.2635171415686442,0.8318482943441797,1540.0816747846677,1
user_0110,4723.465754463587,4837.307154178388,-0.0241012437969352,0.8230212183919665,1912.4668738566447,1
user_0111,4802.021700605318,2417.127924610964,0.4966436898220861,0.7707727134682318,1776.160088033235,0
user_0112,3289.8720000000003,5682.252836921391,-0.7271957197487896,0.8538735362919347,1774.7177122587232,2
user_0113,3833.45,8125.18018495998,-1.0,0.8285717062297507,4078.780340099748,2
user_0114,3463.9300000000003,7009.419012207547,-1.0,0.8339239577651534,3890.65938281489,2
user_0115,4218.102,6269.495519256697,-0.4863309420342839,0.8439216763403372,4861.057106055967,2
user_0116,8554.921119392395,7552.657967828869,0.1171563288049008,0.8535627551573556,3757.975159407312,3
user_0117,3843.124,6932.929892722388,-0.803982877659526,0.771888685987675,1909.6766616343748,0
user_0118,3921.7977891185446,2629.6481161687107,0.3294789130982337,0.8063553589985105,1582.407899964266,1
user_0119,3413.474,4956.104011431727,-0.4519237619597299,0.8368921739119318,2011.995408808052,1
user_0120,2638.648,3112.484357913362,-0.1795754332951428,0.8482035348774413,1224.3080602509106,1
user_0121,2479.358,2753.6813577362427,-0.1106428993861485,0.8374394340353171,631.5583985936255,1
user_0122,6340.143342041876,4478.041964941893,0.2937002015005364,0.8300608654723627,2131.042537008584,3
user_0123,4985.244345038697,2637.7964257982408,0.4708792100785653,0.7646558614825427,930.000524469761,0
user_0124,3029.326,4278.413879781824,-0.4123319443935133,0.7708851887924523,2197.2229259889946,0
user_0125,2695.224,4651.299868384946,-0.7257563261476397,0.7171382449284253,2927.1816079678224,0
user_0126,3460.552,4528.901065863358,-0.3087221535360134,0.84772959664444,2451.7175765314714,1
user_0127,3545.236,4691.573708666665,-0.3233459517692659,0.8336775885369889,2087.932330991836,1
user_0128,3990.846000000001,5813.053992445695,-0.4565969201632172,0.8340970632994265,2508.6607337114824,2
user_0129,1966.668,1982.8223338454875,-0.0082140624881715,0.8051031498060189,732.3689665464323,1
user_0130,3750.308,5365.964646611145,-0.4308063888648999,0.8235115466184452,2265.1399911697777,2
user_0131,3283.28,4514.07711012873,-0.3748681532274828,0.8237622123310844,2194.498900425209,1
user_0132,2078.742,3908.0826031874376,-0.8800229192403088,0.7920303576203479,2543.6461257988944,0
user_0133,2561.5440000000003,4297.351034597431,-0.6776409207093185,0.804381473046673,1683.790648939657,1
user_0134,3621.5,3490.8957950948497,0.0360635661756593,0.7996511072106618,1772.351362075068,1
user_0135,2649.918,5985.657915128662,-1.0,0.7976274764526443,2649.847819103626,2
user_0136,3827.982,6117.377558121605,-0.598068527522231,0.8740240820866896,3025.4768326822555,2
user_0137,3437.224,3509.0201441289923,-0.0208878281220521,0.8296591577090756,1723.8125652810277,1
user_0138,3205.778,3907.073958846857,-0.2187599886351634,0.821840587782105,811.5042189047807,1
user_0139,3179.888,8335.461651213685,-1.0,0.852180672692088,2654.513881541616,2
user_0140,2519.592,2803.179318931496,-0.1125528732157808,0.7263839482998913,585.2658542235563,0
user_0141,2209.79,2891.593976106268,-0.3085379045548528,0.798347160344045,768.4015715998999,1
user_0142,3671.804,6803.772515349546,-0.8529781315531945,0.7751008322599179,2629.4223308895703,2
user_0143,8615.688873879415,7127.952586125039,0.1726775780245286,0.8247635506536074,4261.7725386637785,3
user_0144,3868.028,6664.031888094444,-0.7228499607796129,0.7494935421629859,1281.5868415989576,0
user_0145,6441.234177659773,3444.824563188359,0.4651918455105863,0.8261604706421855,2014.2086961289883,3
user_0146,3151.25,3832.8578205536696,-0.2162976027143735,0.8343801548795635,1303.087207199158,1
user_0147,10315.469000894129,9285.99569188395,0.0997989823750081,0.8341094417316085,4629.0901354408,3
user_0148,3139.09,3078.5105871035603,0.0192983995031808,0.8473311513466865,1690.373197617027,1
user_0149,1943.302,3229.560054107051,-0.6618930326357154,0.8105238679353335,1521.3929205439233,1
user_0150,3651.356,6675.124943647306,-0.8281221945072753,0.7994290725718107,1861.4458900348484,2
user_0151,3581.28,7353.451855604932,-1.0,0.8463743745600333,4889.462783200107,2
user_0152,3655.546,7640.957622740496,-1.0,0.8065868370497039,2972.5778000514765,2
user_0153,4268.958482782427,3111.5959144785074,0.2711112260687934,0.8094943513559184,1227.7173469618897,1
user_0154,2044.906,3013.286899575236,-0.4735576596553757,0.8202890451406295,1100.5117128020506,1
user_0155,3611.292,5468.158161300799,-0.5141833341919733,0.8521441429148093,2531.011980257924,2
user_0156,2448.394,3785.249928077939,-0.5460133982022253,0.8108003826489913,1138.3678292845202,1
user_0157,3546.6016885361664,2778.3945971762087,0.2166037121797654,0.8467904035670426,1856.8513028437865,1
user_0158,3901.632,9221.978487226832,-1.0,0.7865118967903619,4938.072433442533,2
user_0159,6346.181338192214,5244.673242350889,0.1735702207581579,0.8252093713457072,2511.7189561779337,3
user_0160,3871.85,5649.169177338675,-0.4590361654864405,0.8314103248575823,1817.1277825036043,1
user_0161,4139.372,7357.096718476469,-0.7773461091384075,0.8528658733979286,3676.9251953255216,2
user_0162,2534.254,3039.7293796061867,-0.1994572681373638,0.8188377893141665,1291.6100040856236,1
user_0163,3721.556,5242.314688730536,-0.4086351753757128,0.8103476556363071,1685.2338742500667,1
user_0164,10467.26238740939,4812.477893895013,0.5402352863835981,0.817541723360756,2483.617553404642,3
user_0165,3565.078,4989.046405283353,-0.3994213886157198,0.8193556681335501,1756.7983904474763,1
user_0166,3654.5,4512.549312027812,-0.2347925330490662,0.8142299965638626,1116.3778152595548,1
user_0167,4746.59919807508,3858.910923004594,0.1870156375180098,0.8218958762485518,1026.2634840463577,1
user_0168,4379.6720000000005,6152.815943905185,-0.4048577025642981,0.8174909230998023,2233.444950442216,2
user_0169,5609.408296409186,5646.425872954717,-0.0065991945298808,0.8310611383584199,1426.627982063993,3
user_0170,3887.89,4597.999491458216,-0.1826464975753468,0.7802659420896311,1547.7157060567267,0
user_0171,7026.069373073455,5115.120499253979,0.271979790171579,0.7992922201728323,1316.6599025254395,3
user_0172,1861.548,1932.1385444400405,-0.0379203460990746,0.8348375503787406,1103.22994909504,1
user_0173,3975.592,7615.379853654852,-0.9155335491305076,0.835756281914326,3605.559514087576,2
user_0174,7275.25837695332,4419.189038339381,0.3925729081542232,0.8068240456967692,1682.0307209429543,3
user_0175,3966.71,6762.682756811426,-0.7048593814045963,0.8057096479811076,1693.8784723557549,2
user_0176,2588.436,4597.548027287692,-0.7761876389015189,0.7880880658926136,1684.537662392327,0
user_0177,3330.7,5666.134192465338,-0.7011841932522708,0.8324398982814561,2300.848176333474,2
user_0178,4438.73,9886.063571663131,-1.0,0.765213312052442,2691.760986375444,2
user_0179,3794.914,7064.125782910187,-0.8614719023699055,0.8052617124881507,2676.832637693638,2
user_0180,2872.054,3109.3982721630337,-0.0826392094866717,0.8089572978773918,1023.7108786119504,1
user_0181,2785.3740000000003,2596.2668761820764,0.0678929019291211,0.793588000891626,1118.6094274374475,1
user_0182,4409.189518154289,4475.4514321651895,-0.0150281392392129,0.8126554969370567,2029.94586582598,1
user_0183,4900.181710637152,3209.344400924281,0.3450560427264272,0.7816088642286815,1243.2507690807022,0
user_0184,2181.436,2252.6896554645027,-0.0326636470033971,0.8290696482352122,622.3949866787622,1
user_0185,2795.9260000000004,3625.728423053448,-0.296789837446859,0.8691873668330969,1541.6873777501692,1
user_0186,5147.043751515412,3516.856339620477,0.3167230531924211,0.7421052451374481,2143.1454935117504,0
user_0187,3913.252,8672.056066814981,-1.0,0.8563051737072859,7200.242050859779,2
user_0188,3833.55,5778.056972006589,-0.5072340186006674,0.8355311407794929,2030.6540324982125,2
user_0189,2148.304,2242.9010408057256,-0.0440333587824281,0.8380131087226931,1121.1641027050307,1
user_0190,2823.266,3477.4516719338512,-0.2317123756436166,0.7611146747916163,2038.5656616635183,0
user_0191,2188.34,3028.242717314869,-0.383808145587463,0.7902681749855779,1888.2091686349568,0
user_0192,3717.550197314279,3159.014633712273,0.150242911045429,0.8142624481477608,1476.190359294388,1
user_0193,4109.837392313218,3216.450411872752,0.2173776953101358,0.8520519821908221,1875.5318159795147,1
user_0194,3429.334,10017.13967004549,-1.0,0.7988241763786483,3951.502984684325,2
user_0195,6447.442971607196,6092.461417863359,0.0550577268084542,0.8403707112585063,2631.959455090981,3
user_0196,9008.633077836344,7371.523256981003,0.1817267732751897,0.8338698923874917,3497.9128182115423,3
user_0197,2523.378,3133.241145430814,-0.2416852114232645,0.8125653977268229,1541.0019928261604,1
user_0198,2797.366,4182.171021734683,-0.4950389122248153,0.7581135618584914,1554.2667644310266,0
user_0199,3925.84,4576.069723142207,-0.1656281771906667,0.8144159288064836,1672.289610846388,1
user_0200,3560.53,5070.438864368169,-0.424068569670293,0.7709708923993633,2125.822008982184,0
user_0201,2097.858,3837.902587127878,-0.8294386879988435,0.8410105904504269,1455.16062751354,1
user_0202,9025.332345796976,4755.708284836301,0.4730711177576751,0.8322452853339638,1508.350998633205,3
user_0203,3939.902715747055,4452.290385507905,-0.1300508430609041,0.8361712420745144,2186.4372215200838,1
user_0204,2313.482,3423.4864523804217,-0.47979817970506,0.7717036525212834,1164.8280426979215,0
user_0205,2907.512,4245.771496353244,-0.4602765169510027,0.8282134188262178,1873.3534912988905,1
user_0206,3430.7699999999995,6433.153041135824,-0.8751338740678695,0.8057692175212099,3092.521803759381,2
user_0207,3738.466,7367.507279117597,-0.970730047863909,0.8205738954602017,4204.698339190687,2
user_0208,3064.432,3501.458253925877,-0.1426124821584807,0.7974516133529312,1913.7965453177344,1
user_0209,2357.412,3325.44986570489,-0.410635843757854,0.8391752602590171,1571.1908835406675,1
user_0210,2231.086,4883.084357720723,-1.0,0.7690818542365502,1593.8629245835675,0
user_0211,4099.870000000001,5635.819598683837,-0.3746337319680468,0.8364919494238741,2592.686690897649,2
user_0212,3416.6800000000003,4501.330379867605,-0.3174574089079471,0.8167579497884233,1516.8227366273136,1
user_0213,2839.884,4177.606781698691,-0.4710483884900547,0.8047920893750605,1804.520417629049,1
user_0214,2146.534,3929.135732141977,-0.8304558568100842,0.8205002449144038,1989.480992432876,1
user_0215,3673.672,4276.766857302516,-0.1641667675564165,0.8021460957074497,1721.3650416462597,1
user_0216,2715.252,5979.301225819038,-1.0,0.8241681658525054,2811.186235986802,2
user_0217,4697.831918071932,4461.908504235986,0.0502196370475453,0.8436308268933547,1620.5750972506462,1
user_0218,3842.496,5138.217877049826,-0.337208386697039,0.8660635671294465,2456.9420894820287,1
user_0219,3615.662,5265.938377316407,-0.4564244050789058,0.8493348169638656,1595.8253369797744,1
user_0220,2280.198,2598.328642549425,-0.139518867462135,0.8379481867707759,934.9033835803698,1
user_0221,3153.452,5924.154092889694,-0.8786251044536887,0.834624589865877,2607.6812762956088,2
user_0222,6216.692192796838,6014.0236442267615,0.0326007050509762,0.841591895601501,2212.3424129910554,3
user_0223,3189.582,7550.860013363294,-1.0,0.7896419332295885,3609.8179137602906,2
user_0224,2880.486,4721.248857818898,-0.6390459310751373,0.8059125786612049,1346.732876375224,1
user_0225,5110.377007343786,5324.463409595637,-0.0418924869817239,0.7767952624491616,2363.02762962153,0
user_0226,6848.884976672404,4494.678367859243,0.3437357492251205,0.8119329236084979,1435.0010986085128,3
user_0227,9469.477410402036,4716.605480870764,0.501914912887414,0.7885712693045935,2670.3128189439435,3
user_0228,4036.394,7922.753232065797,-0.9628295037763402,0.880235068263941,3442.435106412014,2
user_0229,2098.396,2367.4145905798578,-0.1282020126705627,0.8298946024906593,802.2054771262192,1
user_0230,3076.27,3717.02344048523,-0.2082890775144021,0.7714005341457839,1166.923759815072,0
user_0231,3122.51,4787.63010699526,-0.5332633384665734,0.8681861409723513,2830.081586533514,2
user_0232,7986.454518566728,5164.428765772143,0.3533515086367804,0.7651238571816072,1639.1127202088476,3
user_0233,2368.324,2939.2469625462154,-0.2410662403227832,0.82553098217975,1079.9775076694214,1
user_0234,6860.632952488306,5319.873626190209,0.2245797635536345,0.8444747994550246,1438.706893042708,3
user_0235,6607.568950306877,4714.416801071839,0.2865126589631901,0.8162577620109401,548.3306736825729,3
user_0236,5108.210206994219,4922.41288392757,0.0363722939224884,0.8126453262549014,2105.5565145936694,3
user_0237,3986.5416100159455,3193.984724591218,0.1988081306949051,0.8162815885384448,1194.512538097256,1
user_0238,4892.928806261017,5299.201703825044,-0.08303266073362,0.8509700485725648,1755.0650988701527,1
user_0239,2133.798,3955.9325876854023,-0.8539395892607469,0.7713078169901553,1481.7510825016543,0
user_0240,2343.916,3343.0939690285218,-0.4262857410540828,0.8154686728613939,2345.6317739494243,1
user_0241,6945.959937711503,4545.755345856461,0.3455540506105829,0.8231252259069066,1086.1403109694013,3
user_0242,4055.262,4386.678153838373,-0.0817249671755791,0.7544500926378579,2385.1337981512047,0
user_0243,2055.306,2900.326100206102,-0.4111407742721045,0.7921874052161658,588.5054816683244,1
user_0244,3025.52,3525.819990120196,-0.1653600009651881,0.8131816103451524,1331.9659939198443,1
user_0245,2013.928,2753.890044780121,-0.367422293537863,0.8496851350232809,1569.183895152073,1
user_0246,8434.131113843032,3550.284061039536,0.5790575207904445,0.8489843285600054,1285.3436118993363,3
user_0247,3357.824,6604.95585522262,-0.9670345602457486,0.8324526851400036,2933.928186013622,2
user_0248,6488.372037915798,3964.2396846998463,0.3890239860577964,0.778341395771718,1338.137759683175,3
user_0249,2761.128,5379.446630426483,-0.9482786130981556,0.8390880482678053,1821.82962521472,2
user_0250,2986.23,5276.638837799492,-0.7669900971457295,0.835162342043339,2422.925507095522,2
user_0251,2002.098,4112.239881000289,-1.0,0.8291332426175481,2521.9362616810618,2
user_0252,3098.812,4582.540275449505,-0.4788055149681573,0.8113180759525702,2933.9670608449624,2
user_0253,3471.874,4967.039925241954,-0.4306509755947232,0.7950064766875836,1870.118554474616,0
user_0254,7530.78814336358,6425.370115384141,0.1467864992263228,0.7777196579878433,3018.794626831001,3
user_0255,2223.118,3028.667861018298,-0.3623513736195281,0.8157489995791453,705.7040698334968,1
user_0256,3928.794,4402.076473261464,-0.1204650773905335,0.8497915140324493,1616.8771487805916,1
user_0257,1834.972,1972.6229027577888,-0.075015260591327,0.846012518346052,1012.7392846182212,1
user_0258,3593.7240000000006,5280.196633135789,-0.4692827365528872,0.8246713100408584,2310.291053289546,2
user_0259,2339.1400000000003,3356.8346957363947,-0.4350721614509581,0.8407464647230907,1294.0535161615703,1
user_0260,3933.352,5801.2677239155,-0.4748915743913841,0.822508725103706,1806.5086502242425,1
user_0261,3300.774,6347.537102056466,-0.9230450500568856,0.8476931286750566,1948.1676011758632,2
user_0262,2788.288,4154.505468393687,-0.4899843446565374,0.8297014992999459,1514.0903627846317,1
user_0263,2121.016,2765.148992613567,-0.3036907748991835,0.7884861616480544,1221.0006401639628,0
user_0264,3196.95,3857.0122839369424,-0.2064662518766144,0.8233979797365384,2570.493677962838,1
user_0265,2708.556,6686.861828493691,-1.0,0.7550189814746476,2000.8510920398496,0
user_0266,8848.044999612543,5405.265145361185,0.3891006266810484,0.7688791469635217,3897.424653488256,3
user_0267,4138.576,4343.293029992981,-0.0494655722144479,0.8235745861849647,1462.3536233540174,1
user_0268,2117.922,3945.246809827408,-0.8627913633398248,0.8406284709313009,1737.5270520995853,1
user_0269,4057.29417603888,4972.526788344967,-0.225577089704554,0.8360818229226649,2076.10811835603,1
user_0270,2919.212,5626.706146004821,-0.9274743136177916,0.8186065193205859,3025.127420154223,2
user_0271,3676.768,6896.628736192533,-0.8757312770869778,0.7751992570527712,4961.51469198299,2
user_0272,7442.008855632617,7626.995571678221,-0.0248570943187729,0.8145512912843401,4985.982098416232,3
user_0273,3851.656,4291.116563020545,-0.1140965244613083,0.8158898938447621,2112.788680326249,1
user_0274,3014.73,6848.672931023268,-1.0,0.806199524964566,5027.876249468466,2
user_0275,3381.192,4101.0304101893535,-0.2128948637608729,0.7363294944717064,2153.317555268829,0
user_0276,5249.450127019234,4089.874104154512,0.2208947594141937,0.8146666847026522,1950.6105931267757,3
user_0277,3312.44,5805.374965907509,-0.7525977726109784,0.7965179246183045,3528.4291718098275,2
user_0278,2627.91,5262.79069010738,-1.0,0.7874264574464921,2134.223144834353,0
user_0279,7623.679378553934,3253.042282989291,0.5732976006125889,0.7701660755288308,1393.2921023450967,3
user_0280,7788.340879403746,6371.018399986194,0.1819800264733737,0.8352977729102541,2186.788261256082,3
user_0281,3701.096,4867.577878867113,-0.3151720136054599,0.819137974426932,2456.2881896557155,1
user_0282,4577.828614490516,3569.9737841791925,0.2201600180314945,0.8583370185147539,1336.2161781842344,1
user_0283,3533.647073661034,5029.762626760479,-0.4233913353291943,0.7766000646157777,1656.8323145407217,0
user_0284,3100.6240000000003,5408.543952506638,-0.7443404787251331,0.8161176945553943,4261.819066176348,2
user_0285,3626.178,4274.186493383153,-0.1787028914143633,0.8317988368963563,1447.4478977061356,1
user_0286,2017.06,2853.1719085443874,-0.4145200978376386,0.8461284463587929,751.8707195333642,1
user_0287,5770.754628179881,3919.9028965874727,0.3207295840572197,0.8029649184135185,1156.5749176168265,3
user_0288,2087.496,2643.1177736547197,-0.2661666291359212,0.7924060799386493,952.03514713931,1
user_0289,1801.2720000000002,2975.583606956431,-0.6519346367214007,0.834152358470809,704.5260373790295,1
user_0290,2546.724,4764.378344668415,-0.8707870757366779,0.8468585024412348,3217.210276169636,2
user_0291,6151.910626708291,4365.629646359674,0.290361984875649,0.8436060648045753,1645.0024699637422,3
user_0292,2564.958,3611.710135338771,-0.4080971833997948,0.7955655938732009,1345.6007988668048,0
user_0293,3135.84418896445,2138.524007047728,0.3180388188375096,0.8293480929973672,871.656369349292,1
user_0294,3940.262,5724.957771087413,-0.4529383505684173,0.8449472404365802,2931.5859935193057,2
user_0295,2089.054,3677.801946192673,-0.7605107125965498,0.8003344015707831,1763.6172233998127,0
user_0296,2533.056,3595.93699509118,-0.4196042231562111,0.7788486194605911,1357.6917839061937,0
user_0297,4927.542,5514.857126262069,-0.1191902831598532,0.7873774999966318,1274.9872263324194,0
user_0298,2151.958,3506.467180023596,-0.629431048386444,0.8189229607985574,1581.1173457845514,1
user_0299,3628.08,6600.016387480483,-0.8191485269014145,0.8499864330824848,1218.234416416967,2
user_0300,8707.21878917141,6885.294656473881,0.2092429485019182,0.8235015948963283,2495.7984085218163,3
user_0301,2166.836,3396.678915111001,-0.5675754487700041,0.8105443230855154,1313.1421159982604,1
user_0302,11506.873966307308,3962.237596525936,0.6556634227395239,0.8537626749345217,1718.532685943972,3
user_0303,2903.528,4524.122222153726,-0.5581465796623027,0.7741012721169704,1419.6377749760795,0
user_0304,3196.014,6105.83089194763,-0.9104518603321606,0.8161667388651446,3952.984086119648,2
user_0305,2374.146,2859.5225002477005,-0.2044425659785458,0.8332374020507257,783.8308079392026,1
user_0306,3456.742,6929.843694628066,-1.0,0.8071735875264234,2808.9584210609755,2
user_0307,2969.6580000000004,4241.236342718464,-0.4281901628801913,0.8137128497938669,1504.759421211364,1
user_0308,4799.044808762832,2767.98309761777,0.4232220769092295,0.779724148879227,928.6887243651488,0
user_0309,5352.926460244615,5037.76141570497,0.0588771482067478,0.8311289371379157,1623.530697375115,3
user_0310,7980.222864925713,6252.670567851815,0.2164792044426167,0.8338694758663339,2359.237168937913,3
user_0311,2340.352,3405.4034548889927,-0.4550817376569819,0.8062664240987324,1901.3134009545863,1
user_0312,3058.218,3134.611182954866,-0.0249796394354051,0.7995076833166234,1311.8451295707707,1
user_0313,4111.378,6574.253338497918,-0.5990388960825102,0.8445152144462045,1705.1619296387344,2
user_0314,3557.3119999999994,4363.504595537279,-0.2266297124169259,0.762767944376036,1429.640757422117,0
user_0315,3868.766000000001,4699.969336638688,-0.2148497315781537,0.7645346969173966,2084.711678856018,0
user_0316,3739.228,7943.73483208588,-1.0,0.8209209737486133,2807.3975057613784,2
user_0317,7114.383331864015,5520.498643180424,0.224036942393148,0.7862070369362865,3673.0472473002415,3
user_0318,3624.19,4237.772662542258,-0.1693020130131859,0.8223952615783086,1527.8015374157333,1
user_0319,2709.338,3256.469226218561,-0.2019427720788477,0.7404405062788739,1293.8481949630827,0
user_0320,3169.23,3984.213451528117,-0.257155034985822,0.7948532032982812,1382.394558310493,0
user_0321,4749.103388896803,5978.135029180397,-0.2587923529222414,0.7866339205041161,1476.466084754181,0
user_0322,4465.329485840486,3123.921314692246,0.3004051941523759,0.8068533639956096,1631.0536166270476,1
user_0323,2790.666,4204.411251220244,-0.5065977982389306,0.7024315852486015,2510.91550304373,0
user_0324,2685.7380000000003,4389.13233130596,-0.6342369699896117,0.8149767166259299,1359.2648240813696,1
user_0325,2260.728,3268.6054210959646,-0.4458198514354511,0.8337046010061465,1266.7019479769842,1
user_0326,3341.518,4307.0569133748895,-0.2889521808276626,0.8414262590636786,2794.4847793770227,1
user_0327,2341.762,3325.4966003453083,-0.42008308288601,0.8196849229216263,1695.5740243497692,1
user_0328,2690.052,2518.4704523557293,0.063783728955526,0.8270213456819466,1019.9974327774468,1
user_0329,4520.280659423149,3208.296330760824,0.2902439975551768,0.828593341963947,1234.5698175187367,1
user_0330,2654.53,2054.87177849757,0.2258999602575333,0.7921761286772938,513.2143032146658,1
user_0331,3328.256,5615.359504780477,-0.6871777605990879,0.8380383384047264,1864.926628767792,2
user_0332,2833.822,3833.093476337088,-0.3526232333354343,0.7979161492648997,1582.021213212618,1
user_0333,3484.478,3399.909277747389,0.0242701266165581,0.8289748925821002,1209.127364979698,1
user_0334,3280.7160000000003,4710.778068370614,-0.435899379394807,0.8422650857532612,732.074177338152,1
user_0335,3481.406,4326.975331195927,-0.242881563137401,0.7855034224989135,1313.0143401704547,0
user_0336,2437.1040000000003,3348.1529235640583,-0.3738243930353641,0.8116797288575286,1116.027353131714,1
user_0337,3470.086,4730.672662725561,-0.3632724557044294,0.8376954815058247,1796.9974467207687,1
user_0338,2823.074,3376.7062350194005,-0.1961097140986743,0.8422815417801476,1471.5354514456324,1
user_0339,7044.910406140143,5622.952237954216,0.2018419094367174,0.7847981952483783,2194.591338323224,3
user_0340,2580.172,3556.2852644572536,-0.3783132537122539,0.8199005272211047,2425.547215138945,1
user_0341,5121.808,6158.492919204049,-0.2024060486461126,0.7964285023502267,2985.0293318187,2
user_0342,3089.544,3850.637918639831,-0.2463450653688152,0.8447884324197548,1447.24519953086,1
user_0343,2304.12,2803.366756537178,-0.2166756751111826,0.8317176411760896,1380.6415452400531,1
user_0344,4816.780920544642,4896.682502639972,-0.0165881702766534,0.8560188630110064,1102.8017699390043,1
user_0345,3318.886,3747.447708464338,-0.1291281798966093,0.8492075604276441,1587.0121606273433,1
user_0346,2062.162,2031.0496611885592,0.0150872428118841,0.8287069699634925,1000.6470537649428,1
user_0347,5618.531682490133,4959.227491521184,0.1173445711846098,0.770709746351475,2260.2923763050235,3
user_0348,4105.596,8465.540943252741,-1.0,0.838159763229493,4249.890177938274,2
user_0349,3105.688,4187.841316102441,-0.3484423793061121,0.8140271013640028,1932.408507504183,1
user_0350,2639.766,3088.282626172206,-0.1699077214314473,0.8505458849471381,943.2764795516,1
user_0351,3760.624,3967.0220787132903,-0.0548839976326511,0.8111572703742591,2040.996562265883,1
user_0352,6378.89872552672,5682.347891347418,0.1091960954626672,0.8519940643884478,2215.7048182677718,3
user_0353,2824.71,4317.805353010698,-0.5285835901776459,0.8125571874916554,1262.8047177278145,1
user_0354,3207.7740000000003,4790.602873911729,-0.493435283754943,0.8071303744137399,1724.032944121117,1
user_0355,2468.906,3071.491825103706,-0.2440699747595518,0.7795833415395245,447.74091028471145,0
user_0356,3642.964,6802.688671745414,-0.8673499578215469,0.7914336522007057,3673.4787330366607,2
user_0357,3102.224,6548.136317132774,-1.0,0.8514674744791426,2683.123847520371,2
user_0358,4201.636,5750.091892393853,-0.3685364206689615,0.826656563136852,2671.402672429913,2
user_0359,7806.739259236574,5928.645102971935,0.2405734448018825,0.7399665843514394,2762.8594550456846,3
user_0360,5884.610265698669,3723.878261529272,0.3671835358008806,0.7603294007021985,1713.835667997632,3
user_0361,2650.382,3836.964173895266,-0.4477023213617002,0.8326536306731773,1778.789194648136,1
user_0362,4110.2,7051.152504659464,-0.7155254013574679,0.7628526372571337,1661.521887155262,0
user_0363,3899.34,6751.079196643525,-0.731338943678552,0.7496880137150023,2184.574097602024,0
user_0364,6132.260768402581,3732.8323905693032,0.3912795734644394,0.7555063902232072,2467.216211992126,3
user_0365,2715.398,5086.687611111911,-0.8732751556537608,0.8164532418449342,1882.9277860609604,2
user_0366,3073.152,3825.393702375221,-0.244778553867567,0.8298099357470682,1875.2118716420769,1
user_0367,2800.186,4234.370456877309,-0.5121747115646278,0.7976544519778002,977.3214417144848,0
user_0368,3781.552,5209.418885028836,-0.3775875315290748,0.8223581689266952,1461.91244658386,1
user_0369,2554.632,4725.028638436403,-0.8495926765328244,0.8147133990561405,1928.785465876377,1
user_0370,3609.456,5234.464573420034,-0.4502087221509375,0.775763558921022,1977.31096504172,0
user_0371,3399.3380000000006,6075.432244170329,-0.7872398226273256,0.8283661037385658,2861.6712789564717,2
user_0372,4208.222747464867,3498.741621696014,0.1685940047247406,0.848292884302013,1076.9039636717853,1
user_0373,3746.189405880074,2481.501121859496,0.3375932573071465,0.7309866179338598,749.4486261816481,0
user_0374,3440.432,4737.700272816894,-0.377065517591074,0.8699869153526536,2158.3985734533057,1
user_0375,3603.238,7697.103606949322,-1.0,0.7802136060890386,2014.0275695705584,2
user_0376,3314.932,3928.5282477099927,-0.1851007042406881,0.7665485849267714,1545.1200800739898,0
user_0377,3474.17,7396.133884907287,-1.0,0.7929099182308432,1561.5642392760951,2
user_0378,2209.818,2767.9708058150927,-0.2525786312787263,0.8180899639292657,989.9825025995052,1
user_0379,3191.44,5743.487028512287,-0.7996537702454963,0.8608818748963982,1576.1751672929352,2
user_0380,2746.45,5797.121082118237,-1.0,0.8092371572567164,3705.1988162412954,2
user_0381,2471.38,4115.803406082112,-0.6653867094830062,0.843070735826318,2353.316485297636,1
user_0382,2417.832,4692.095689922736,-0.9406210563524414,0.8748930196891588,2826.5423316604247,2
user_0383,2685.074,4343.119856548108,-0.617504715530413,0.8344948661955256,2439.2016809699817,1
user_0384,2718.096,3194.794554338841,-0.1753795871591146,0.8257707771527822,1492.1088814311554,1
user_0385,4862.333734892198,3624.108531660325,0.2546565642638524,0.8039953195268222,1641.1288434710111,1
user_0386,2476.986,3948.4435249554576,-0.5940516114969797,0.8235568699166447,2671.90961651585,1
user_0387,7231.777361783502,4241.0631717207525,0.4135517508969854,0.8527833703056644,1786.5617605414056,3
user_0388,3383.454,3386.645327463283,-0.00094321585672,0.8253167313852108,996.5182906699758,1
user_0389,3553.392,6038.291924870212,-0.6993036301286805,0.8323839666631452,2225.689016720832,2
user_0390,4470.161058403401,3505.633802601784,0.2157701351696073,0.7977059616654824,1473.607938414466,1
user_0391,1662.53,3528.318179281438,-1.0,0.8191164236379901,1850.490624348867,1
user_0392,2083.822,2119.1427277182684,-0.0169499735189801,0.8344261336394563,1065.4610360566742,1
user_0393,3504.806,5165.382320854069,-0.4737997825996844,0.8231695657591455,2064.4512762861564,1
user_0394,2701.952,3510.927407548114,-0.2994040632654146,0.8320574087031867,1923.0824464107225,1
user_0395,2217.894,2908.00260808758,-0.3111549100577304,0.8311983564156925,1090.4630262924934,1
user_0396,3868.908690974381,2932.872614582643,0.2419380117642419,0.8288947165639474,1405.1254190243933,1
user_0397,3703.172,3394.0648413249446,0.0834709159269554,0.8245321595393448,817.6411555336559,1
user_0398,3765.082,5691.054708793175,-0.5115353951901114,0.7335787706328386,2381.8132619203247,0
user_0399,3894.892,7818.73135906847,-1.0,0.8355348636079297,2859.3138744185208,2
user_0400,3139.892,7370.966649614247,-1.0,0.8444957767706351,2685.7466989656737,2
user_0401,6401.486289569288,9450.071079529716,-0.4762307770506132,0.8612868793161191,5991.716833377063,2
user_0402,8155.617983869958,4344.006217141026,0.4673602631054412,0.7423638305028012,2214.89883148937,3
user_0403,3204.732,4045.3771077719816,-0.2623136997951721,0.8238744738763808,1843.5504537430172,1
user_0404,2374.038,4233.653858640604,-0.7833134341744337,0.8146841007107777,957.2188049028094,1
user_0405,2962.178,3673.035422685799,-0.2399779563165343,0.8177459819848388,1379.9127534814893,1
user_0406,1912.926,3053.195543931075,-0.596086594008903,0.8395063831771516,2000.711822145475,1
user_0407,3311.5,4217.123664834792,-0.2734783828581586,0.8158471769060185,1984.1944977616508,1
user_0408,2200.02,3072.2722767170053,-0.3964747032831544,0.8118260940724871,1557.8868645443354,1
user_0409,2087.568,3041.299601646743,-0.4568625317339329,0.7751921262805215,1316.1036975314405,0
user_0410,3053.392,5638.31820920533,-0.8465752871578004,0.7937696823740943,1248.5056975612847,0
user_0411,9266.000418849188,7973.010051938645,0.1395413671987647,0.8671315961313324,4360.765746986215,3
user_0412,2201.864,3645.1985437335015,-0.6555057640860206,0.7909396254301295,2670.4621072647847,0
user_0413,3518.3160000000003,7612.771979393695,-1.0,0.838753970910806,3538.0225307583614,2
user_0414,3360.576,4678.926493050841,-0.3922989669184213,0.8117824139223689,1492.8456189767303,1
user_0415,2245.252,2782.632531242792,-0.2393408540523699,0.8476169543372343,824.7956007192815,1
user_0416,2476.04,3732.502694488761,-0.5074484638732659,0.8369886593952437,1326.142267143006,1
user_0417,2186.492,3543.647082298886,-0.6206997703622452,0.7909361544430265,1022.463374493544,0
user_0418,3373.246,5109.727590507449,-0.514780597237038,0.7691860874480123,1855.3197756093136,0
user_0419,3834.068,5202.998956093912,-0.3570439950710086,0.7547025321021339,2948.1322489632284,0
user_0420,2368.862,5127.11374225797,-1.0,0.8296924931742375,3686.752506410012,2
user_0421,2790.678,4315.53443450938,-0.5464107412282535,0.8369113076404561,2634.8072966311497,1
user_0422,6905.2871037447085,8005.103477532446,-0.1592716359601198,0.8276373319168049,1795.0542534112656,3
user_0423,9228.699450683263,5776.171982582606,0.3741076937818192,0.8388706439543336,2531.879612838606,3
user_0424,3956.972,8513.693481907132,-1.0,0.841493360749756,3919.759132327283,2
user_0425,5750.963636118841,5009.891138810186,0.1288605778437478,0.8478365445069409,2730.9502532553074,3
user_0426,1859.716,3347.6997600030363,-0.80011343667691,0.8040939088953113,1520.3002929871204,1
user_0427,3451.57,3941.3822211527577,-0.1419099775327627,0.8285089975213239,1362.8447103301537,1
user_0428,3633.18,5229.329126383597,-0.4393256393527424,0.8094807079482385,2905.126739270969,2
user_0429,2547.6040000000003,4789.805352926568,-0.8801216173811031,0.7877365872102212,1945.2056155148207,0
user_0430,7039.656933190442,4605.971439508309,0.3457108090321615,0.794543306577153,2232.6839849408902,3
user_0431,2568.388,3141.8695993330366,-0.2232846436492604,0.8201926847907495,1186.837974273074,1
user_0432,3547.424,4470.19879538243,-0.2601253178031242,0.8134827385518663,1339.6344809300654,1
user_0433,3904.476,8260.80363762347,-1.0,0.8547140298724436,4100.878042192428,2
user_0434,2435.206,3313.472167723562,-0.3606537466331644,0.792724480040885,2126.189529781192,0
user_0435,4721.128284973133,3689.8921729820495,0.2184300128580283,0.8265044299326636,2769.3602323924288,3
user_0436,2661.1800000000003,3926.07767087701,-0.4753145863402737,0.8048157760232122,1847.893090518521,1
user_0437,3326.688000000001,3872.905206066995,-0.1641924959800842,0.7720731339509049,1400.4679050062723,0
user_0438,2184.166,4158.0995373037695,-0.9037470308134864,0.8196073320167867,1366.9595317554429,1
user_0439,8464.738058318298,4225.193249491289,0.5008477261338062,0.8108318012123442,1329.035256121505,3
user_0440,4498.294,4504.176125873105,-0.0013076348218024,0.8466496101309338,2082.1626627483347,1
user_0441,2579.472,4042.717192979509,-0.5672653911263656,0.807305429167258,872.4929307155999,1
user_0442,2537.35,4680.88164182416,-0.8447914721359527,0.8326300711142033,2122.3832940496786,2
user_0443,9106.039456624105,6768.885572390781,0.2566597581051752,0.843761267641368,2769.811152912217,3
user_0444,3031.35,4955.333202008344,-0.6346951694816975,0.8253434738800477,1615.1571816061562,1
user_0445,3283.226,3680.218172736012,-0.1209152744087711,0.8616355193198314,1523.732220494183,1
user_0446,1725.19,2324.6630987960707,-0.3474823635634745,0.8010887063134157,847.3035943960981,1
user_0447,3874.608,4573.614405326931,-0.1804069999666884,0.800334264822463,1748.0487237824302,1
user_0448,6850.817860001606,4302.8790459296415,0.3719174653508256,0.7952638355445117,917.867245681534,3
user_0449,3649.62,6063.739731978055,-0.6614715318246982,0.782881880635083,3588.504431754882,2
user_0450,2709.282,4571.391513848849,-0.687307380275973,0.8337027899943625,1665.0385481544656,1
user_0451,3375.654,5794.045496420802,-0.7164216167950869,0.8144478609358115,1986.3283391861464,2
user_0452,2564.192,3207.125519526804,-0.2507353269672487,0.7893950503738029,1995.3688320523968,0
user_0453,4432.112,4156.3916702226,0.0622096936578769,0.7930152903262878,1939.1108190895568,0
user_0454,2293.194,3623.274869505879,-0.5800123624542359,0.7876315930627754,1382.7887073630934,0
user_0455,1645.0099999999998,2500.8543118856105,-0.5202669356937714,0.8132630461040615,1212.832517786639,1
user_0456,2725.514,4227.157288655118,-0.5509578335151158,0.8164247461832408,1468.731188895157,1
user_0457,2708.674,6091.756491745311,-1.0,0.7909527977872267,2075.9981711958967,2
user_0458,3214.846,5145.72232118033,-0.6006123842884947,0.8445179666097513,2977.065250136412,2
user_0459,4811.113980755189,3918.723210359928,0.1854852688930027,0.8049143221688462,739.0706397577898,1
user_0460,2253.114,3536.4633120480853,-0.5695891606230689,0.8380808476570132,453.7505208222312,1
user_0461,2163.698,3290.6846513850905,-0.5208613454304116,0.8371481752970661,1526.315157660276,1
user_0462,2475.828,3795.80956527899,-0.5331475228808261,0.8321367739822877,1696.322015534167,1
user_0463,2382.896,3192.131087576634,-0.3396015132748698,0.813612795965641,1090.662433955035,1
user_0464,3728.856,4642.700554125688,-0.2450737046766321,0.8166823085521373,1766.376607335182,1
user_0465,6935.953026972277,3474.5148933066725,0.4990573206313382,0.7621526205464401,1181.3296547488394,3
user_0466,2493.892,3146.3488329164256,-0.2616219278607196,0.8557996142877762,1105.2709872266691,1
user_0467,3535.324,3818.190483559848,-0.0800114737884982,0.7759022840956071,1835.6673096962988,0
user_0468,3568.223295927457,3761.895895435418,-0.0542770402651106,0.855526570881597,2313.239616062095,1
user_0469,2406.976,3666.87343140398,-0.5234358096648991,0.8375028954739008,1457.0527825496415,1
user_0470,2360.3,4491.598718679974,-0.9029778920815038,0.8387384881495225,1421.6306882125573,1
user_0471,3127.37,5447.530176868841,-0.7418886082775117,0.7798909489006463,2961.2556023269485,2
user_0472,3603.216,5910.798709931275,-0.6404230859130494,0.8133425410469737,2631.6466718013,2
user_0473,5390.729176896302,3587.309867644418,0.3345408849290771,0.8341510077952403,1058.171887877994,1
user_0474,4979.036575657656,2499.3156678845808,0.4980322739335453,0.7951232490343549,628.6526276741296,1
user_0475,5091.220998527085,4688.805534926212,0.0790410519828727,0.8544055634393584,2052.896794604262,1
user_0476,3201.3920000000003,3491.417825924552,-0.0905936623582965,0.827831548680135,1098.116540710819,1
user_0477,3845.15,10418.195207329129,-1.0,0.7904844172246801,3739.438552527045,2
user_0478,3058.004,4044.950603505728,-0.3227420904307932,0.7421849214191136,1691.661417986994,0
user_0479,2618.882,3599.511482262192,-0.3744458445482431,0.8675159108812467,1956.2304067048533,1
user_0480,2119.966,3517.51299855691,-0.6592308549084798,0.8287635936814726,1411.4587920306578,1
user_0481,3371.4620000000004,4924.587776922898,-0.460668332291124,0.8301283197915272,2293.729178704097,1
user_0482,3416.442,4706.547809940377,-0.3776167749782894,0.8302413352293092,1020.8323195177888,1
user_0483,4001.618,5186.332834427288,-0.2960589527604303,0.7989181474908562,2426.165328473149,0
user_0484,2449.404,3625.6304358435655,-0.4802092410413168,0.8407438449678017,1754.2183082227357,1
user_0485,2690.778,4731.145327775019,-0.7582815556597456,0.8238030256569269,1682.4084489343163,1
user_0486,4066.166,4116.745752793166,-0.012439175575509,0.8067748861811973,1621.7198378464532,1
user_0487,8227.756909648077,8461.60757187583,-0.028422164727975,0.8331855988344915,4718.670296538163,3
user_0488,4084.439675587154,3495.520591001748,0.1441860160416609,0.8353953089078535,2017.9621540750695,1
user_0489,2287.31,2823.444627086911,-0.2343952621581295,0.7740008980156565,1132.9971124259666,0
user_0490,3245.39,6185.6232052904,-0.905972226848052,0.8166469557847155,1713.95962048768,2
user_0491,3219.1,6596.447488692023,-1.0,0.8624955873095644,4041.584258719487,2
user_0492,4253.212,5033.271016156337,-0.183404687129712,0.7452822481258786,2382.6407458902213,0
user_0493,3816.006,4294.996124930158,-0.1255213238475405,0.788617500658788,2129.739687381621,0
user_0494,5301.607926810877,4644.838561483181,0.1238811648078185,0.8540935296180467,1829.073100637968,3
user_0495,7204.038686895445,4317.88435815709,0.4006300429769253,0.832416206814106,1632.7429676853897,3
user_0496,3514.7940000000003,4873.454836034161,-0.3865548979639094,0.8324345464160694,3682.2282323540494,2
user_0497,4404.278,7307.122715117291,-0.6590966135918964,0.8274199122566555,2478.014674882966,2
user_0498,3093.28,4745.225769525166,-0.5340434003792628,0.8369975030913046,2412.173645163894,1
user_0499,2079.744,2351.3739573029684,-0.1306074003833975,0.8137084588779046,959.2663885960038,1
user_0500,5677.188150936136,2985.3342723931214,0.4741526627225034,0.7983114730448329,1603.8606690165664,3
